date,gold,silver
2016-02-04,1502.6,19.64
2016-02-05,1494.38,19.88
2016-02-06,1498.47,19.87
2016-02-07,1500.77,19.49
2016-02-08,1512.08,19.6
2016-02-09,1525.28,19.31
2016-02-10,1511.13,19.33
2016-02-11,1502.87,19.18
2016-02-12,1495.86,18.97
2016-02-13,1495.16,19.09
2016-02-14,1504.33,19.05
2016-02-15,1508.44,18.87
2016-02-16,1521.61,18.71
2016-02-17,1517.85,18.81
2016-02-18,1531.71,19.05
2016-02-19,1519.04,19.13
2016-02-20,1506.78,19.51
2016-02-21,1500.95,19.14
2016-02-22,1498.45,19.13
2016-02-23,1492.95,18.98
2016-02-24,1480.91,18.69
2016-02-25,1485.26,18.46
2016-02-26,1486.65,18.23
2016-02-27,1474.07,18.13
2016-02-28,1461.89,17.82
2016-02-29,1451.57,17.97
2016-03-01,1462.82,17.64
2016-03-02,1451.03,17.96
2016-03-03,1443.4,17.7
2016-03-04,1430.62,17.88
2016-03-05,1426.83,18.12
2016-03-06,1431.33,18.46
2016-03-07,1418.66,18.22
2016-03-08,1409.23,18.43
2016-03-09,1410.86,18.17
2016-03-10,1416.43,18.09
2016-03-11,1416.93,18.34
2016-03-12,1416.58,18.66
2016-03-13,1407.45,18.68
2016-03-14,1413.3,18.48
2016-03-15,1411.26,18.29
2016-03-16,1416.84,18.58
2016-03-17,1417.9,18.65
2016-03-18,1423.22,18.53
2016-03-19,1437.67,18.39
2016-03-20,1438.75,18.38
2016-03-21,1437.81,18.67
2016-03-22,1450.39,18.33
2016-03-23,1443.92,18.54
2016-03-24,1451.07,18.77
2016-03-25,1440.83,19.02
2016-03-26,1428.94,18.73
2016-03-27,1419.15,18.43
2016-03-28,1412.27,18.32
2016-03-29,1425.48,18.69
2016-03-30,1433.68,18.97
2016-03-31,1430.16,19.05
2016-04-01,1426.94,19.04
2016-04-02,1435.72,18.86
2016-04-03,1426.17,18.55
2016-04-04,1440.08,18.34
2016-04-05,1432.8,18.57
2016-04-06,1420.69,18.56
2016-04-07,1424.32,18.76
2016-04-08,1411.43,18.42
2016-04-09,1416.73,18.57
2016-04-10,1429.98,18.7
2016-04-11,1429.05,18.64
2016-04-12,1434.12,18.56
2016-04-13,1442.08,18.57
2016-04-14,1432.2,18.9
2016-04-15,1435.56,19.04
2016-04-16,1430.89,18.79
2016-04-17,1442.55,18.47
2016-04-18,1454.88,18.82
2016-04-19,1464.11,19.07
2016-04-20,1471.93,18.96
2016-04-21,1483.91,19.29
2016-04-22,1494.8,18.99
2016-04-23,1492.61,19.3
2016-04-24,1502.96,19.43
2016-04-25,1494.44,19.69
2016-04-26,1495.54,19.31
2016-04-27,1487.67,19.67
2016-04-28,1490.25,20.05
2016-04-29,1501.78,20.11
2016-04-30,1495.07,20.01
2016-05-01,1491.08,20.14
2016-05-02,1479.95,20.38
2016-05-03,1471.57,20.1
2016-05-04,1472.37,20.21
2016-05-05,1477.87,20.17
2016-05-06,1490.2,20.25
2016-05-07,1501.13,19.91
2016-05-08,1494.12,20.22
2016-05-09,1490.44,19.86
2016-05-10,1496.0,19.76
2016-05-11,1508.77,19.8
2016-05-12,1518.93,19.99
2016-05-13,1528.85,20.06
2016-05-14,1531.49,19.73
2016-05-15,1534.13,19.88
2016-05-16,1525.12,19.65
2016-05-17,1534.77,19.93
2016-05-18,1527.29,20.3
2016-05-19,1519.85,20.62
2016-05-20,1516.7,20.29
2016-05-21,1521.45,20.29
2016-05-22,1527.73,20.26
2016-05-23,1514.48,20.65
2016-05-24,1520.43,20.62
2016-05-25,1507.85,20.49
2016-05-26,1502.02,20.39
2016-05-27,1503.12,20.2
2016-05-28,1496.11,19.93
2016-05-29,1491.22,19.96
2016-05-30,1491.12,19.79
2016-05-31,1480.29,20.17
2016-06-01,1482.57,20.33
2016-06-02,1471.21,20.47
2016-06-03,1459.94,20.08
2016-06-04,1470.36,20.27
2016-06-05,1481.75,20.2
2016-06-06,1479.87,20.08
2016-06-07,1484.52,19.75
2016-06-08,1476.41,19.99
2016-06-09,1490.49,19.93
2016-06-10,1491.59,20.01
2016-06-11,1478.07,20.09
2016-06-12,1479.16,19.76
2016-06-13,1486.46,19.61
2016-06-14,1481.31,19.25
2016-06-15,1487.44,19.53
2016-06-16,1500.14,19.8
2016-06-17,1496.74,19.72
2016-06-18,1496.94,20.05
2016-06-19,1494.75,20.02
2016-06-20,1486.58,19.97
2016-06-21,1490.64,20.3
2016-06-22,1486.67,20.54
2016-06-23,1499.96,20.52
2016-06-24,1504.06,20.89
2016-06-25,1515.39,20.94
2016-06-26,1508.31,20.93
2016-06-27,1516.35,20.71
2016-06-28,1518.06,20.63
2016-06-29,1514.01,20.55
2016-06-30,1522.69,20.87
2016-07-01,1525.01,21.04
2016-07-02,1540.15,20.84
2016-07-03,1541.88,21.18
2016-07-04,1531.28,21.24
2016-07-05,1524.13,21.58
2016-07-06,1520.05,21.64
2016-07-07,1509.31,21.88
2016-07-08,1512.82,22.09
2016-07-09,1517.56,21.99
2016-07-10,1525.95,21.91
2016-07-11,1517.3,21.93
2016-07-12,1509.3,21.87
2016-07-13,1514.63,21.72
2016-07-14,1526.34,21.44
2016-07-15,1526.84,21.64
2016-07-16,1526.42,21.31
2016-07-17,1518.98,20.91
2016-07-18,1519.79,20.76
2016-07-19,1510.86,21.06
2016-07-20,1506.53,21.15
2016-07-21,1516.37,20.86
2016-07-22,1517.78,20.51
2016-07-23,1524.65,20.91
2016-07-24,1515.7,20.78
2016-07-25,1528.33,20.75
2016-07-26,1537.69,20.48
2016-07-27,1533.89,20.12
2016-07-28,1542.36,19.86
2016-07-29,1530.22,19.77
2016-07-30,1531.63,20.09
2016-07-31,1544.39,19.92
2016-08-01,1554.77,19.57
2016-08-02,1557.76,19.48
2016-08-03,1548.29,19.84
2016-08-04,1558.7,19.98
2016-08-05,1550.16,19.73
2016-08-06,1547.87,19.37
2016-08-07,1551.77,19.28
2016-08-08,1548.24,19.18
2016-08-09,1549.36,19.05
2016-08-10,1548.62,19.19
2016-08-11,1554.69,19.2
2016-08-12,1558.92,18.89
2016-08-13,1553.19,18.56
2016-08-14,1564.56,18.48
2016-08-15,1559.43,18.86
2016-08-16,1554.0,18.84
2016-08-17,1568.49,18.5
2016-08-18,1564.28,18.86
2016-08-19,1556.34,18.77
2016-08-20,1571.78,18.66
2016-08-21,1579.82,18.4
2016-08-22,1574.95,18.14
2016-08-23,1585.84,17.97
2016-08-24,1600.62,17.76
2016-08-25,1614.56,17.79
2016-08-26,1606.99,17.75
2016-08-27,1623.24,17.89
2016-08-28,1629.26,17.91
2016-08-29,1614.12,17.85
2016-08-30,1615.58,17.73
2016-08-31,1606.39,17.96
2016-09-01,1617.17,18.05
2016-09-02,1615.73,17.98
2016-09-03,1607.18,18.3
2016-09-04,1618.61,18.4
2016-09-05,1622.67,18.73
2016-09-06,1626.42,18.74
2016-09-07,1630.5,19.12
2016-09-08,1645.67,18.8
2016-09-09,1638.27,19.03
2016-09-10,1645.0,18.85
2016-09-11,1631.02,18.69
2016-09-12,1623.69,18.38
2016-09-13,1625.17,18.19
2016-09-14,1630.87,17.94
2016-09-15,1639.52,18.04
2016-09-16,1640.68,18.15
2016-09-17,1624.77,17.91
2016-09-18,1611.3,17.79
2016-09-19,1605.03,17.78
2016-09-20,1600.07,17.55
2016-09-21,1597.37,17.67
2016-09-22,1582.86,17.49
2016-09-23,1576.08,17.77
2016-09-24,1579.41,17.57
2016-09-25,1589.71,17.42
2016-09-26,1591.16,17.46
2016-09-27,1588.16,17.42
2016-09-28,1592.15,17.75
2016-09-29,1581.51,17.58
2016-09-30,1583.91,17.69
2016-10-01,1587.89,17.46
2016-10-02,1603.95,17.23
2016-10-03,1605.73,17.3
2016-10-04,1609.12,17.19
2016-10-05,1594.18,17.42
2016-10-06,1596.27,17.75
2016-10-07,1596.13,17.85
2016-10-08,1581.63,17.91
2016-10-09,1576.75,17.67
2016-10-10,1568.11,17.7
2016-10-11,1574.88,17.92
2016-10-12,1571.91,17.81
2016-10-13,1573.67,17.8
2016-10-14,1587.08,17.85
2016-10-15,1593.92,17.78
2016-10-16,1587.41,17.93
2016-10-17,1599.97,17.76
2016-10-18,1590.56,17.77
2016-10-19,1590.1,17.69
2016-10-20,1589.01,17.81
2016-10-21,1596.5,18.18
2016-10-22,1598.28,18.25
2016-10-23,1596.86,18.52
2016-10-24,1608.22,18.17
2016-10-25,1592.96,18.0
2016-10-26,1592.19,18.14
2016-10-27,1580.58,18.01
2016-10-28,1581.72,18.09
2016-10-29,1595.19,18.43
2016-10-30,1608.13,18.12
2016-10-31,1623.75,18.04
2016-11-01,1614.18,17.88
2016-11-02,1606.28,17.79
2016-11-03,1591.69,18.0
2016-11-04,1578.18,17.67
2016-11-05,1581.52,17.62
2016-11-06,1585.82,17.52
2016-11-07,1595.2,17.44
2016-11-08,1589.63,17.54
2016-11-09,1582.5,17.86
2016-11-10,1586.17,18.16
2016-11-11,1596.19,18.5
2016-11-12,1583.92,18.6
2016-11-13,1589.48,18.42
2016-11-14,1595.39,18.44
2016-11-15,1611.2,18.09
2016-11-16,1615.57,18.03
2016-11-17,1604.12,18.38
2016-11-18,1600.13,18.53
2016-11-19,1602.23,18.7
2016-11-20,1595.68,18.35
2016-11-21,1608.62,18.56
2016-11-22,1598.83,18.25
2016-11-23,1612.76,18.03
2016-11-24,1597.45,17.69
2016-11-25,1612.33,17.94
2016-11-26,1607.02,17.98
2016-11-27,1600.45,18.08
2016-11-28,1607.36,18.33
2016-11-29,1613.32,18.45
2016-11-30,1600.27,18.4
2016-12-01,1593.41,18.61
2016-12-02,1591.68,18.49
2016-12-03,1589.31,18.6
2016-12-04,1587.9,18.7
2016-12-05,1589.36,18.42
2016-12-06,1585.09,18.61
2016-12-07,1592.88,18.31
2016-12-08,1587.33,18.37
2016-12-09,1577.35,18.03
2016-12-10,1588.58,18.25
2016-12-11,1578.91,18.43
2016-12-12,1593.3,18.55
2016-12-13,1578.19,18.64
2016-12-14,1592.89,18.71
2016-12-15,1601.68,19.09
2016-12-16,1599.93,18.95
2016-12-17,1600.75,18.71
2016-12-18,1606.38,18.68
2016-12-19,1606.56,18.61
2016-12-20,1598.38,18.56
2016-12-21,1590.57,18.53
2016-12-22,1577.71,18.9
2016-12-23,1574.42,18.87
2016-12-24,1563.9,18.89
2016-12-25,1577.54,19.14
2016-12-26,1566.99,19.27
2016-12-27,1571.88,19.26
2016-12-28,1557.92,19.27
2016-12-29,1546.58,19.29
2016-12-30,1534.4,19.32
2016-12-31,1526.61,19.04
2017-01-01,1516.12,18.89
2017-01-02,1530.87,18.53
2017-01-03,1541.48,18.9
2017-01-04,1555.23,18.76
2017-01-05,1551.69,18.69
2017-01-06,1557.78,18.71
2017-01-07,1568.87,18.61
2017-01-08,1572.19,18.28
2017-01-09,1557.28,18.36
2017-01-10,1546.26,18.72
2017-01-11,1551.71,19.0
2017-01-12,1548.17,18.98
2017-01-13,1541.86,18.75
2017-01-14,1530.03,19.13
2017-01-15,1522.57,19.09
2017-01-16,1536.47,19.31
2017-01-17,1542.5,19.01
2017-01-18,1557.5,18.8
2017-01-19,1553.64,18.6
2017-01-20,1559.42,18.54
2017-01-21,1556.18,18.42
2017-01-22,1548.59,18.14
2017-01-23,1546.3,18.15
2017-01-24,1536.59,17.92
2017-01-25,1540.78,18.18
2017-01-26,1539.43,18.26
2017-01-27,1533.16,18.5
2017-01-28,1526.61,18.44
2017-01-29,1536.57,18.56
2017-01-30,1525.09,18.9
2017-01-31,1514.61,19.26
2017-02-01,1512.68,19.59
2017-02-02,1521.05,19.77
2017-02-03,1532.5,19.67
2017-02-04,1530.86,19.68
2017-02-05,1546.05,19.83
2017-02-06,1546.24,19.56
2017-02-07,1561.9,19.28
2017-02-08,1574.58,19.33
2017-02-09,1586.42,19.63
2017-02-10,1588.82,20.03
2017-02-11,1582.65,20.24
2017-02-12,1593.27,20.41
2017-02-13,1579.75,20.41
2017-02-14,1566.35,20.49
2017-02-15,1561.84,20.75
2017-02-16,1561.09,20.48
2017-02-17,1574.7,20.45
2017-02-18,1586.86,20.71
2017-02-19,1589.58,20.87
2017-02-20,1577.04,21.27
2017-02-21,1571.87,20.93
2017-02-22,1557.9,20.74
2017-02-23,1549.99,20.47
2017-02-24,1545.22,20.52
2017-02-25,1531.2,20.52
2017-02-26,1520.67,20.25
2017-02-27,1523.3,20.28
2017-02-28,1512.53,20.63
2017-03-01,1510.61,20.99
2017-03-02,1516.24,20.89
2017-03-03,1511.29,20.55
2017-03-04,1519.34,20.64
2017-03-05,1526.53,20.64
2017-03-06,1527.33,21.03
2017-03-07,1533.64,20.97
2017-03-08,1520.03,20.58
2017-03-09,1518.4,20.65
2017-03-10,1518.6,21.02
2017-03-11,1510.29,21.39
2017-03-12,1519.25,21.36
2017-03-13,1526.43,20.98
2017-03-14,1529.68,21.06
2017-03-15,1519.47,21.31
2017-03-16,1520.88,21.59
2017-03-17,1518.95,21.79
2017-03-18,1524.61,21.69
2017-03-19,1526.64,21.47
2017-03-20,1513.4,21.11
2017-03-21,1521.77,21.28
2017-03-22,1514.96,21.39
2017-03-23,1517.89,21.01
2017-03-24,1507.46,20.71
2017-03-25,1504.64,21.03
2017-03-26,1509.96,20.77
2017-03-27,1511.97,20.8
2017-03-28,1502.19,20.59
2017-03-29,1495.17,21.0
2017-03-30,1484.01,21.42
2017-03-31,1491.64,21.57
2017-04-01,1494.22,21.24
2017-04-02,1488.75,21.27
2017-04-03,1481.21,21.67
2017-04-04,1482.89,21.61
2017-04-05,1490.51,21.77
2017-04-06,1499.06,21.53
2017-04-07,1492.66,21.49
2017-04-08,1503.91,21.9
2017-04-09,1506.22,22.18
2017-04-10,1520.57,22.27
2017-04-11,1522.9,22.19
2017-04-12,1512.74,22.47
2017-04-13,1519.59,22.74
2017-04-14,1524.04,22.54
2017-04-15,1525.46,22.83
2017-04-16,1515.58,22.6
2017-04-17,1506.99,22.22
2017-04-18,1514.42,21.99
2017-04-19,1505.23,21.73
2017-04-20,1514.16,21.9
2017-04-21,1507.39,22.16
2017-04-22,1500.35,22.03
2017-04-23,1485.85,22.38
2017-04-24,1482.19,22.29
2017-04-25,1483.58,22.32
2017-04-26,1490.01,22.59
2017-04-27,1502.73,22.52
2017-04-28,1493.01,22.61
2017-04-29,1489.63,22.24
2017-04-30,1478.51,22.41
2017-05-01,1482.86,22.15
2017-05-02,1494.63,22.5
2017-05-03,1509.17,22.8
2017-05-04,1502.13,23.08
2017-05-05,1496.32,23.01
2017-05-06,1499.21,23.37
2017-05-07,1512.31,23.49
2017-05-08,1499.5,23.61
2017-05-09,1496.4,23.26
2017-05-10,1491.21,23.06
2017-05-11,1487.24,23.12
2017-05-12,1492.2,22.73
2017-05-13,1485.54,22.48
2017-05-14,1479.8,22.54
2017-05-15,1490.07,23.0
2017-05-16,1484.31,22.75
2017-05-17,1473.53,22.5
2017-05-18,1482.87,22.2
2017-05-19,1468.84,22.6
2017-05-20,1458.76,22.96
2017-05-21,1456.05,23.07
2017-05-22,1450.15,22.95
2017-05-23,1462.25,22.95
2017-05-24,1448.42,22.57
2017-05-25,1439.36,22.69
2017-05-26,1446.48,22.28
2017-05-27,1451.32,22.34
2017-05-28,1461.69,22.2
2017-05-29,1449.03,22.01
2017-05-30,1454.17,21.76
2017-05-31,1449.43,22.01
2017-06-01,1454.57,22.28
2017-06-02,1448.38,22.28
2017-06-03,1460.76,22.64
2017-06-04,1473.82,22.26
2017-06-05,1479.04,22.64
2017-06-06,1488.71,22.33
2017-06-07,1480.27,22.1
2017-06-08,1472.19,22.29
2017-06-09,1486.53,22.03
2017-06-10,1483.16,21.7
2017-06-11,1489.59,21.97
2017-06-12,1482.94,22.07
2017-06-13,1483.15,22.08
2017-06-14,1484.83,21.82
2017-06-15,1480.29,21.54
2017-06-16,1473.98,21.84
2017-06-17,1463.27,21.62
2017-06-18,1475.77,21.65
2017-06-19,1476.86,21.91
2017-06-20,1491.54,21.88
2017-06-21,1495.92,21.66
2017-06-22,1503.9,21.85
2017-06-23,1491.47,21.93
2017-06-24,1480.33,21.64
2017-06-25,1468.69,21.77
2017-06-26,1465.37,22.1
2017-06-27,1477.01,22.27
2017-06-28,1486.08,22.14
2017-06-29,1495.79,22.6
2017-06-30,1504.37,23.01
2017-07-01,1509.08,22.81
2017-07-02,1507.47,22.62
2017-07-03,1517.62,22.83
2017-07-04,1529.04,22.52
2017-07-05,1524.04,22.83
2017-07-06,1527.89,23.25
2017-07-07,1513.11,23.23
2017-07-08,1512.7,22.84
2017-07-09,1522.58,23.09
2017-07-10,1531.61,23.51
2017-07-11,1537.93,23.82
2017-07-12,1524.28,24.01
2017-07-13,1521.73,24.45
2017-07-14,1530.15,24.16
2017-07-15,1525.75,24.33
2017-07-16,1539.07,24.03
2017-07-17,1548.49,24.18
2017-07-18,1560.76,24.26
2017-07-19,1569.06,24.12
2017-07-20,1583.69,24.53
2017-07-21,1599.71,24.4
2017-07-22,1606.28,24.66
2017-07-23,1612.89,24.78
2017-07-24,1613.07,25.02
2017-07-25,1628.41,24.63
2017-07-26,1630.21,24.53
2017-07-27,1641.79,24.78
2017-07-28,1632.12,24.79
2017-07-29,1633.92,24.97
2017-07-30,1633.11,25.45
2017-07-31,1627.08,24.98
2017-08-01,1615.87,25.04
2017-08-02,1607.96,25.39
2017-08-03,1606.86,25.38
2017-08-04,1603.82,25.57
2017-08-05,1593.74,25.39
2017-08-06,1605.07,24.93
2017-08-07,1594.34,25.02
2017-08-08,1600.58,24.68
2017-08-09,1591.15,24.86
2017-08-10,1583.06,24.88
2017-08-11,1598.44,24.85
2017-08-12,1584.56,24.91
2017-08-13,1573.33,25.42
2017-08-14,1581.7,24.96
2017-08-15,1572.07,24.83
2017-08-16,1564.09,25.02
2017-08-17,1551.13,24.71
2017-08-18,1551.32,24.24
2017-08-19,1550.27,23.78
2017-08-20,1553.56,24.12
2017-08-21,1567.11,24.56
2017-08-22,1578.27,24.45
2017-08-23,1583.5,24.14
2017-08-24,1590.97,23.82
2017-08-25,1593.7,24.06
2017-08-26,1596.75,24.36
2017-08-27,1610.98,24.47
2017-08-28,1626.3,24.83
2017-08-29,1633.96,24.72
2017-08-30,1644.59,24.5
2017-08-31,1632.92,24.08
2017-09-01,1633.42,24.15
2017-09-02,1644.37,23.83
2017-09-03,1647.17,23.64
2017-09-04,1656.9,23.43
2017-09-05,1669.66,23.79
2017-09-06,1655.8,24.12
2017-09-07,1642.06,24.16
2017-09-08,1630.41,23.75
2017-09-09,1645.91,23.96
2017-09-10,1655.96,24.14
2017-09-11,1664.73,23.78
2017-09-12,1654.58,24.12
2017-09-13,1651.77,24.26
2017-09-14,1638.4,24.48
2017-09-15,1649.05,24.72
2017-09-16,1650.54,24.75
2017-09-17,1651.7,24.42
2017-09-18,1639.98,24.7
2017-09-19,1655.57,24.79
2017-09-20,1657.39,24.62
2017-09-21,1643.31,24.28
2017-09-22,1653.67,24.64
2017-09-23,1637.63,25.08
2017-09-24,1644.36,24.88
2017-09-25,1650.45,25.33
2017-09-26,1658.54,25.35
2017-09-27,1645.44,25.26
2017-09-28,1646.6,25.75
2017-09-29,1633.59,25.61
2017-09-30,1626.25,25.51
2017-10-01,1639.76,25.5
2017-10-02,1643.87,25.01
2017-10-03,1649.96,25.48
2017-10-04,1646.83,25.78
2017-10-05,1636.79,25.84
2017-10-06,1647.44,26.29
2017-10-07,1639.04,26.12
2017-10-08,1639.21,25.97
2017-10-09,1649.88,25.74
2017-10-10,1644.77,26.13
2017-10-11,1646.25,25.64
2017-10-12,1639.51,26.02
2017-10-13,1631.81,25.97
2017-10-14,1646.35,26.38
2017-10-15,1656.72,26.07
2017-10-16,1646.62,26.44
2017-10-17,1649.76,26.21
2017-10-18,1654.55,26.06
2017-10-19,1661.66,26.41
2017-10-20,1647.21,26.29
2017-10-21,1633.87,26.54
2017-10-22,1639.27,26.88
2017-10-23,1636.82,27.09
2017-10-24,1629.14,26.98
2017-10-25,1625.08,27.27
2017-10-26,1632.4,26.75
2017-10-27,1635.84,27.01
2017-10-28,1650.74,26.56
2017-10-29,1635.39,26.47
2017-10-30,1648.32,26.17
2017-10-31,1645.52,25.8
2017-11-01,1639.77,25.41
2017-11-02,1630.1,25.75
2017-11-03,1642.34,26.26
2017-11-04,1637.91,26.1
2017-11-05,1647.26,26.59
2017-11-06,1655.66,26.84
2017-11-07,1643.58,26.37
2017-11-08,1659.2,26.05
2017-11-09,1662.69,26.35
2017-11-10,1652.21,26.36
2017-11-11,1642.47,26.66
2017-11-12,1644.28,26.79
2017-11-13,1629.33,26.56
2017-11-14,1620.7,26.15
2017-11-15,1608.56,26.09
2017-11-16,1606.81,26.39
2017-11-17,1613.42,26.8
2017-11-18,1598.75,27.17
2017-11-19,1602.45,27.52
2017-11-20,1599.74,27.65
2017-11-21,1605.36,27.49
2017-11-22,1592.06,27.98
2017-11-23,1578.55,28.25
2017-11-24,1589.78,28.04
2017-11-25,1602.36,27.62
2017-11-26,1607.03,27.94
2017-11-27,1621.03,27.88
2017-11-28,1621.53,27.91
2017-11-29,1632.41,27.56
2017-11-30,1617.23,27.97
2017-12-01,1626.79,27.9
2017-12-02,1629.57,27.66
2017-12-03,1630.07,28.03
2017-12-04,1631.87,27.51
2017-12-05,1642.16,27.17
2017-12-06,1653.5,26.9
2017-12-07,1641.1,26.9
2017-12-08,1650.47,27.43
2017-12-09,1651.96,27.36
2017-12-10,1653.45,26.96
2017-12-11,1664.2,26.94
2017-12-12,1678.35,26.68
2017-12-13,1690.59,26.89
2017-12-14,1681.63,27.22
2017-12-15,1672.71,27.48
2017-12-16,1679.9,27.31
2017-12-17,1673.01,26.82
2017-12-18,1660.13,26.34
2017-12-19,1649.67,26.27
2017-12-20,1654.13,25.77
2017-12-21,1650.99,25.73
2017-12-22,1663.71,26.0
2017-12-23,1668.2,25.61
2017-12-24,1680.71,25.81
2017-12-25,1679.87,26.3
2017-12-26,1675.33,26.16
2017-12-27,1672.47,26.34
2017-12-28,1670.3,26.17
2017-12-29,1685.16,26.37
2017-12-30,1678.59,26.86
2017-12-31,1690.16,26.7
2018-01-01,1685.93,26.71
2018-01-02,1686.77,26.7
2018-01-03,1689.29,26.56
2018-01-04,1703.31,27.09
2018-01-05,1704.49,27.51
2018-01-06,1693.4,27.42
2018-01-07,1708.8,27.65
2018-01-08,1692.55,27.67
2018-01-09,1706.59,27.56
2018-01-10,1707.44,27.21
2018-01-11,1708.62,27.13
2018-01-12,1714.59,26.75
2018-01-13,1722.29,27.04
2018-01-14,1711.08,27.58
2018-01-15,1710.55,27.27
2018-01-16,1718.58,27.73
2018-01-17,1731.45,28.15
2018-01-18,1726.06,28.3
2018-01-19,1739.68,28.65
2018-01-20,1732.87,28.99
2018-01-21,1725.06,29.22
2018-01-22,1732.11,28.96
2018-01-23,1743.7,28.91
2018-01-24,1737.22,28.42
2018-01-25,1731.47,28.87
2018-01-26,1715.0,29.03
2018-01-27,1705.21,29.47
2018-01-28,1689.0,29.52
2018-01-29,1682.07,30.08
2018-01-30,1672.47,30.05
2018-01-31,1656.92,30.07
2018-02-01,1644.5,30.42
2018-02-02,1656.84,30.21
2018-02-03,1643.09,30.16
2018-02-04,1631.43,30.13
2018-02-05,1629.32,29.94
2018-02-06,1638.62,30.33
2018-02-07,1625.35,30.73
2018-02-08,1619.02,31.03
2018-02-09,1609.16,31.12
2018-02-10,1621.89,31.16
2018-02-11,1615.58,31.8
2018-02-12,1614.47,32.39
2018-02-13,1599.47,33.03
2018-02-14,1607.0,32.42
2018-02-15,1606.22,32.93
2018-02-16,1617.64,33.36
2018-02-17,1632.05,33.78
2018-02-18,1622.11,33.46
2018-02-19,1614.5,33.47
2018-02-20,1602.4,33.63
2018-02-21,1600.34,33.79
2018-02-22,1587.72,34.4
2018-02-23,1603.14,33.83
2018-02-24,1614.54,33.5
2018-02-25,1601.8,33.73
2018-02-26,1614.8,33.39
2018-02-27,1616.91,33.82
2018-02-28,1609.97,34.33
2018-03-01,1614.02,33.7
2018-03-02,1620.97,34.18
2018-03-03,1623.42,34.05
2018-03-04,1616.13,34.15
2018-03-05,1617.27,33.74
2018-03-06,1618.74,33.53
2018-03-07,1631.54,33.47
2018-03-08,1616.38,33.57
2018-03-09,1607.83,33.57
2018-03-10,1599.33,33.47
2018-03-11,1589.27,33.59
2018-03-12,1595.81,34.14
2018-03-13,1589.61,33.74
2018-03-14,1580.57,34.0
2018-03-15,1596.24,33.6
2018-03-16,1607.92,32.99
2018-03-17,1601.34,33.34
2018-03-18,1588.71,33.28
2018-03-19,1583.49,33.75
2018-03-20,1585.58,33.98
2018-03-21,1588.93,34.55
2018-03-22,1598.65,34.72
2018-03-23,1600.1,34.63
2018-03-24,1596.76,34.56
2018-03-25,1603.01,34.96
2018-03-26,1614.41,35
2018-03-27,1620.4,34.74
2018-03-28,1624.14,34.07
2018-03-29,1629.84,33.7
2018-03-30,1645.66,33.74
2018-03-31,1638.26,33.61
2018-04-01,1642.69,33.84
2018-04-02,1643.52,34.24
2018-04-03,1651.25,34.66
2018-04-04,1665.95,34.29
2018-04-05,1681.45,34.09
2018-04-06,1671.19,34.4
2018-04-07,1686.06,34.17
2018-04-08,1691.95,34.86
2018-04-09,1704.97,34.62
2018-04-10,1721.16,34.01
2018-04-11,1714.09,34.48
2018-04-12,1715.96,33.91
2018-04-13,1702.73,34.32
2018-04-14,1708.34,34.56
2018-04-15,1695.51,34.76
2018-04-16,1687.88,35
2018-04-17,1684.66,35
2018-04-18,1680.11,34.46
2018-04-19,1695.06,34.38
2018-04-20,1706.07,33.87
2018-04-21,1710.32,33.98
2018-04-22,1697.14,34.11
2018-04-23,1698.66,34.01
2018-04-24,1707.65,33.95
2018-04-25,1704.73,34.52
2018-04-26,1717.51,34.42
2018-04-27,1712.86,34.38
2018-04-28,1724.32,34.32
2018-04-29,1711.71,33.78
2018-04-30,1697.83,33.95
2018-05-01,1711.24,33.8
2018-05-02,1699.76,33.53
2018-05-03,1695.16,33.32
2018-05-04,1686.84,33.67
2018-05-05,1688.02,34.32
2018-05-06,1697.97,34.76
2018-05-07,1695.08,35
2018-05-08,1686.08,35
2018-05-09,1700.41,35
2018-05-10,1709.07,34.71
2018-05-11,1708.55,34.58
2018-05-12,1715.54,34.74
2018-05-13,1704.72,35
2018-05-14,1714.42,34.56
2018-05-15,1725.55,34.23
2018-05-16,1730.88,34.29
2018-05-17,1742.46,34.77
2018-05-18,1725.88,35
2018-05-19,1719.83,34.43
2018-05-20,1728.93,34.16
2018-05-21,1725.28,33.54
2018-05-22,1713.01,33.1
2018-05-23,1703.92,33.15
2018-05-24,1719.75,33.45
2018-05-25,1715.09,33.0
2018-05-26,1730.0,33.22
2018-05-27,1736.38,32.92
2018-05-28,1734.1,32.43
2018-05-29,1742.58,31.98
2018-05-30,1727.74,31.41
2018-05-31,1727.55,31.48
2018-06-01,1722.53,31.19
2018-06-02,1721.3,30.7
2018-06-03,1725.59,31.13
2018-06-04,1709.52,31.41
2018-06-05,1703.53,30.93
2018-06-06,1717.32,31.5
2018-06-07,1727.78,32.05
2018-06-08,1731.04,32.5
2018-06-09,1728.77,32.17
2018-06-10,1724.08,31.98
2018-06-11,1707.69,31.79
2018-06-12,1696.58,32.07
2018-06-13,1683.84,32.34
2018-06-14,1677.27,32.19
2018-06-15,1661.0,32.31
2018-06-16,1672.79,32.82
2018-06-17,1677.64,32.73
2018-06-18,1684.18,32.97
2018-06-19,1686.03,33.19
2018-06-20,1687.88,33.3
2018-06-21,1673.19,32.71
2018-06-22,1685.06,32.25
2018-06-23,1688.93,31.86
2018-06-24,1678.96,32.29
2018-06-25,1681.48,32.21
2018-06-26,1676.6,31.9
2018-06-27,1685.82,31.96
2018-06-28,1684.97,32.56
2018-06-29,1680.75,33.2
2018-06-30,1682.93,33.7
2018-07-01,1681.75,34.06
2018-07-02,1684.94,34.62
2018-07-03,1691.17,34.06
2018-07-04,1686.93,33.54
2018-07-05,1688.44,33.95
2018-07-06,1685.57,34.09
2018-07-07,1692.13,33.97
2018-07-08,1701.43,34.58
2018-07-09,1703.29,34.32
2018-07-10,1710.95,34.74
2018-07-11,1705.29,34.94
2018-07-12,1694.19,34.75
2018-07-13,1696.73,34.6
2018-07-14,1682.29,34.03
2018-07-15,1672.03,34.01
2018-07-16,1656.48,34.28
2018-07-17,1644.06,34.58
2018-07-18,1628.12,34.78
2018-07-19,1642.94,35
2018-07-20,1654.94,34.32
2018-07-21,1650.48,33.78
2018-07-22,1641.08,33.55
2018-07-23,1654.38,34.06
2018-07-24,1643.63,33.53
2018-07-25,1656.29,33.18
2018-07-26,1646.19,32.96
2018-07-27,1662.82,32.62
2018-07-28,1647.03,32.28
2018-07-29,1638.96,31.9
2018-07-30,1649.62,32.2
2018-07-31,1643.85,31.91
2018-08-01,1634.16,32.32
2018-08-02,1645.45,31.99
2018-08-03,1643.64,32.21
2018-08-04,1653.35,32.84
2018-08-05,1646.24,32.98
2018-08-06,1638.84,32.53
2018-08-07,1643.93,32.72
2018-08-08,1637.2,32.76
2018-08-09,1624.6,32.97
2018-08-10,1624.77,33.47
2018-08-11,1611.63,33.15
2018-08-12,1620.51,33.43
2018-08-13,1606.75,33.02
2018-08-14,1605.64,33.69
2018-08-15,1600.04,34.21
2018-08-16,1614.3,33.55
2018-08-17,1621.26,32.93
2018-08-18,1606.19,33.06
2018-08-19,1621.47,33.32
2018-08-20,1629.1,33.11
2018-08-21,1627.65,32.65
2018-08-22,1624.89,32.56
2018-08-23,1615.97,33.01
2018-08-24,1606.77,32.96
2018-08-25,1615.95,32.47
2018-08-26,1623.56,32.15
2018-08-27,1616.27,32.01
2018-08-28,1616.12,32.41
2018-08-29,1624.05,32.13
2018-08-30,1610.91,31.89
2018-08-31,1624.3,32.04
2018-09-01,1615.38,31.56
2018-09-02,1624.92,31.69
2018-09-03,1616.97,31.08
2018-09-04,1622.33,31.07
2018-09-05,1610.17,30.85
2018-09-06,1618.4,30.84
2018-09-07,1605.31,30.64
2018-09-08,1606.77,31.0
2018-09-09,1611.13,30.77
2018-09-10,1610.66,31.32
2018-09-11,1619.86,31.47
2018-09-12,1626.51,30.96
2018-09-13,1637.42,30.72
2018-09-14,1643.49,30.64
2018-09-15,1646.29,31.19
2018-09-16,1652.06,31.42
2018-09-17,1641.32,31.47
2018-09-18,1635.91,32.06
2018-09-19,1623.33,32.44
2018-09-20,1631.62,32.52
2018-09-21,1616.13,32.67
2018-09-22,1627.62,32.44
2018-09-23,1620.63,32.77
2018-09-24,1623.73,33.0
2018-09-25,1632.67,32.93
2018-09-26,1642.31,33.35
2018-09-27,1644.13,33.35
2018-09-28,1644.63,32.79
2018-09-29,1630.98,32.42
2018-09-30,1642.25,32.32
2018-10-01,1649.97,32.55
2018-10-02,1664.66,32.52
2018-10-03,1662.17,32.3
2018-10-04,1671.64,32.52
2018-10-05,1662.78,32.23
2018-10-06,1679.58,31.79
2018-10-07,1679.74,31.43
2018-10-08,1692.67,31.48
2018-10-09,1697.23,32.09
2018-10-10,1700.79,31.99
2018-10-11,1684.62,31.72
2018-10-12,1700.28,31.28
2018-10-13,1691.26,31.59
2018-10-14,1692.44,31.49
2018-10-15,1685.83,31.56
2018-10-16,1678.57,31.55
2018-10-17,1676.39,31.51
2018-10-18,1689.63,31.48
2018-10-19,1703.64,31.53
2018-10-20,1696.99,31.63
2018-10-21,1689.34,31.13
2018-10-22,1674.3,31.41
2018-10-23,1681.83,31.38
2018-10-24,1674.93,31.78
2018-10-25,1684.14,32.41
2018-10-26,1677.23,31.99
2018-10-27,1678.4,32.02
2018-10-28,1663.13,32.08
2018-10-29,1662.96,32.48
2018-10-30,1654.48,32.6
2018-10-31,1648.69,32.37
2018-11-01,1659.75,32.76
2018-11-02,1667.88,33.4
2018-11-03,1666.05,33.61
2018-11-04,1676.21,33.44
2018-11-05,1688.44,33.67
2018-11-06,1682.53,33.65
2018-11-07,1674.61,33.38
2018-11-08,1673.1,33.12
2018-11-09,1677.62,32.63
2018-11-10,1678.46,32.43
2018-11-11,1664.52,32.39
2018-11-12,1659.36,31.95
2018-11-13,1645.92,31.64
2018-11-14,1643.13,31.6
2018-11-15,1636.07,31.74
2018-11-16,1644.1,31.69
2018-11-17,1658.74,31.44
2018-11-18,1648.62,31.62
2018-11-19,1651.76,31.24
2018-11-20,1652.59,31.02
2018-11-21,1647.47,30.94
2018-11-22,1656.21,30.88
2018-11-23,1647.43,30.61
2018-11-24,1632.78,30.19
2018-11-25,1645.03,29.68
2018-11-26,1648.49,29.58
2018-11-27,1655.59,29.86
2018-11-28,1648.14,30.0
2018-11-29,1664.79,30.26
2018-11-30,1662.96,29.8
2018-12-01,1675.1,30.39
2018-12-02,1690.68,30.69
2018-12-03,1688.47,30.65
2018-12-04,1698.09,30.09
2018-12-05,1714.55,29.92
2018-12-06,1710.25,29.88
2018-12-07,1712.81,29.6
2018-12-08,1729.06,29.93
2018-12-09,1739.25,30.45
2018-12-10,1747.4,31.01
2018-12-11,1753.14,30.64
2018-12-12,1752.94,30.24
2018-12-13,1741.87,29.93
2018-12-14,1725.65,29.73
2018-12-15,1712.0,30.17
2018-12-16,1721.74,30.46
2018-12-17,1716.04,30.59
2018-12-18,1700.41,30.03
2018-12-19,1701.59,29.84
2018-12-20,1700.73,29.77
2018-12-21,1687.29,29.5
2018-12-22,1693.86,29.66
2018-12-23,1696.73,29.69
2018-12-24,1681.28,29.26
2018-12-25,1677.75,28.91
2018-12-26,1678.92,28.69
2018-12-27,1678.41,28.18
2018-12-28,1678.91,28.25
2018-12-29,1693.18,27.83
2018-12-30,1701.81,27.86
2018-12-31,1692.78,28.43
2019-01-01,1682.44,28.04
2019-01-02,1680.25,28.16
2019-01-03,1694.19,28.07
2019-01-04,1677.75,27.89
2019-01-05,1669.53,27.38
2019-01-06,1653.66,27.05
2019-01-07,1656.15,27.33
2019-01-08,1641.74,27.04
2019-01-09,1630.75,27.0
2019-01-10,1630.93,26.63
2019-01-11,1636.32,26.75
2019-01-12,1639.44,26.49
2019-01-13,1643.87,25.98
2019-01-14,1630.23,26.46
2019-01-15,1621.6,26.45
2019-01-16,1635.08,26.66
2019-01-17,1636.56,26.93
2019-01-18,1642.95,27.05
2019-01-19,1631.95,27.52
2019-01-20,1647.46,28.0
2019-01-21,1632.48,27.81
2019-01-22,1645.38,27.48
2019-01-23,1660.36,27.66
2019-01-24,1647.58,27.9
2019-01-25,1640.83,27.58
2019-01-26,1650.19,27.29
2019-01-27,1640.79,27.25
2019-01-28,1629.15,26.87
2019-01-29,1615.64,27.41
2019-01-30,1616.78,27.35
2019-01-31,1607.58,27.62
2019-02-01,1619.01,27.93
2019-02-02,1606.56,27.65
2019-02-03,1592.92,27.68
2019-02-04,1588.33,27.76
2019-02-05,1599.95,27.98
2019-02-06,1610.37,27.44
2019-02-07,1617.63,27.28
2019-02-08,1605.83,26.85
2019-02-09,1591.88,26.67
2019-02-10,1601.3,26.43
2019-02-11,1600.84,25.95
2019-02-12,1594.61,26.35
2019-02-13,1603.72,26.36
2019-02-14,1606.15,25.86
2019-02-15,1602.15,25.59
2019-02-16,1594.96,26.01
2019-02-17,1582.06,25.79
2019-02-18,1584.14,26.03
2019-02-19,1575.14,26.01
2019-02-20,1579.74,26.25
2019-02-21,1583.71,25.98
2019-02-22,1591.5,26.12
2019-02-23,1577.04,26.49
2019-02-24,1574.07,26.93
2019-02-25,1583.38,27.2
2019-02-26,1570.26,26.9
2019-02-27,1565.74,27.27
2019-02-28,1563.11,27.07
2019-03-01,1567.36,27.38
2019-03-02,1574.76,27.43
2019-03-03,1565.49,27.03
2019-03-04,1561.61,26.98
2019-03-05,1551.18,27.17
2019-03-06,1544.85,27.09
2019-03-07,1550.91,26.62
2019-03-08,1538.39,26.75
2019-03-09,1530.27,26.41
2019-03-10,1534.44,26.39
2019-03-11,1526.04,26.5
2019-03-12,1527.15,26.45
2019-03-13,1518.49,26.06
2019-03-14,1506.54,25.9
2019-03-15,1498.9,25.59
2019-03-16,1495.51,25.91
2019-03-17,1489.13,26.08
2019-03-18,1476.82,26.39
2019-03-19,1485.59,25.99
2019-03-20,1482.53,25.59
2019-03-21,1470.28,25.86
2019-03-22,1484.89,25.42
2019-03-23,1471.43,25.51
2019-03-24,1484.88,25.12
2019-03-25,1486.57,25.46
2019-03-26,1482.91,25.01
2019-03-27,1484.59,24.93
2019-03-28,1480.34,25.03
2019-03-29,1493.28,24.97
2019-03-30,1495.87,25.47
2019-03-31,1499.36,25.06
2019-04-01,1511.56,25.43
2019-04-02,1509.64,25.59
2019-04-03,1495.04,25.88
2019-04-04,1493.45,25.51
2019-04-05,1491.56,25.73
2019-04-06,1500.41,25.47
2019-04-07,1485.91,25.15
2019-04-08,1497.7,25.16
2019-04-09,1508.98,24.77
2019-04-10,1522.46,24.41
2019-04-11,1536.36,24.89
2019-04-12,1537.78,24.79
2019-04-13,1547.51,24.61
2019-04-14,1559.15,24.96
2019-04-15,1565.57,25.23
2019-04-16,1554.49,25.43
2019-04-17,1555.3,25.53
2019-04-18,1563.26,25.25
2019-04-19,1574.71,25.69
2019-04-20,1583.71,25.44
2019-04-21,1590.23,25.91
2019-04-22,1604.4,25.45
2019-04-23,1614.85,25.49
2019-04-24,1606.63,25.83
2019-04-25,1618.38,25.76
2019-04-26,1616.61,25.44
2019-04-27,1616.47,25.54
2019-04-28,1628.28,25.29
2019-04-29,1638.88,25.5
2019-04-30,1655.44,25.81
2019-05-01,1652.63,26.18
2019-05-02,1644.2,26.54
2019-05-03,1634.18,26.72
2019-05-04,1626.51,27.02
2019-05-05,1624.41,26.81
2019-05-06,1632.38,27.09
2019-05-07,1642.67,27.57
2019-05-08,1627.73,27.21
2019-05-09,1622.7,26.91
2019-05-10,1610.86,26.46
2019-05-11,1614.26,26.1
2019-05-12,1612.83,26.14
2019-05-13,1625.91,25.68
2019-05-14,1634.86,25.89
2019-05-15,1628.5,25.8
2019-05-16,1627.37,25.6
2019-05-17,1626.89,25.41
2019-05-18,1627.06,25.69
2019-05-19,1633.42,26.05
2019-05-20,1621.83,26.34
2019-05-21,1608.71,26.31
2019-05-22,1604.06,26.84
2019-05-23,1606.17,26.86
2019-05-24,1593.5,26.58
2019-05-25,1600.37,27.1
2019-05-26,1611.11,27.27
2019-05-27,1624.82,27.37
2019-05-28,1640.6,27.87
2019-05-29,1632.9,27.33
2019-05-30,1632.74,26.96
2019-05-31,1620.51,26.92
2019-06-01,1605.77,27.33
2019-06-02,1610.13,27.06
2019-06-03,1602.58,27.04
2019-06-04,1597.63,26.73
2019-06-05,1609.95,26.74
2019-06-06,1625.58,27.26
2019-06-07,1616.33,26.74
2019-06-08,1622.0,26.94
2019-06-09,1633.86,26.58
2019-06-10,1643.51,27.11
2019-06-11,1649.92,26.89
2019-06-12,1641.51,26.4
2019-06-13,1630.85,25.98
2019-06-14,1642.11,25.61
2019-06-15,1648.53,25.32
2019-06-16,1637.16,24.88
2019-06-17,1622.6,24.68
2019-06-18,1617.58,24.63
2019-06-19,1624.87,24.85
2019-06-20,1640.0,24.47
2019-06-21,1645.74,24.65
2019-06-22,1644.93,24.94
2019-06-23,1648.39,24.75
2019-06-24,1659.77,24.96
2019-06-25,1664.92,25.26
2019-06-26,1675.4,25.43
2019-06-27,1681.27,25.72
2019-06-28,1697.91,25.52
2019-06-29,1713.69,25.87
2019-06-30,1706.65,26.21
2019-07-01,1698.61,26.71
2019-07-02,1702.17,26.41
2019-07-03,1697.56,26.67
2019-07-04,1706.55,26.25
2019-07-05,1707.05,25.9
2019-07-06,1724.28,26.08
2019-07-07,1724.09,26.6
2019-07-08,1732.18,26.57
2019-07-09,1743.42,26.29
2019-07-10,1744.96,26.59
2019-07-11,1754.89,26.81
2019-07-12,1751.53,26.3
2019-07-13,1747.82,26.71
2019-07-14,1764.4,26.91
2019-07-15,1750.08,27.06
2019-07-16,1765.28,26.91
2019-07-17,1748.83,26.56
2019-07-18,1738.84,26.39
2019-07-19,1739.34,26.93
2019-07-20,1737.41,26.99
2019-07-21,1735.47,26.61
2019-07-22,1743.61,26.84
2019-07-23,1728.07,26.79
2019-07-24,1731.68,27.01
2019-07-25,1715.56,27.14
2019-07-26,1723.26,26.93
2019-07-27,1738.58,26.68
2019-07-28,1728.3,26.93
2019-07-29,1727.42,27.07
2019-07-30,1741.74,27.46
2019-07-31,1749.21,27.46
2019-08-01,1752.85,28.01
2019-08-02,1770.53,28.43
2019-08-03,1784.13,27.95
2019-08-04,1787.85,27.97
2019-08-05,1779.05,28.09
2019-08-06,1789.51,27.8
2019-08-07,1804.69,27.42
2019-08-08,1792.19,27.65
2019-08-09,1788.03,28.05
2019-08-10,1788.53,28.32
2019-08-11,1799.76,27.99
2019-08-12,1798.1,27.8
2019-08-13,1798.24,27.39
2019-08-14,1810.61,26.88
2019-08-15,1815.1,27.1
2019-08-16,1812.69,26.66
2019-08-17,1810.65,26.73
2019-08-18,1815.5,26.6
2019-08-19,1833.43,26.78
2019-08-20,1849.7,26.92
2019-08-21,1849.83,27.3
2019-08-22,1853.29,27.29
2019-08-23,1864.16,26.76
2019-08-24,1856.83,26.43
2019-08-25,1870.33,26.88
2019-08-26,1882.8,27.4
2019-08-27,1880.67,27.76
2019-08-28,1868.75,27.91
2019-08-29,1856.92,27.48
2019-08-30,1841.82,27.1
2019-08-31,1857.06,27.46
2019-09-01,1874.27,27.66
2019-09-02,1864.65,27.44
2019-09-03,1877.46,27.5
2019-09-04,1869.69,27.27
2019-09-05,1883.28,27.08
2019-09-06,1887.55,27.28
2019-09-07,1891.45,27.54
2019-09-08,1875.68,27.18
2019-09-09,1887.43,26.68
2019-09-10,1900.39,26.58
2019-09-11,1886.83,26.13
2019-09-12,1899.78,25.81
2019-09-13,1893.06,26.25
2019-09-14,1908.33,25.82
2019-09-15,1896.62,25.35
2019-09-16,1912.67,25.77
2019-09-17,1896.72,26.25
2019-09-18,1914.29,26.59
2019-09-19,1928.57,26.76
2019-09-20,1910.17,26.86
2019-09-21,1905.71,27.15
2019-09-22,1895.15,27.19
2019-09-23,1892.62,26.95
2019-09-24,1897.66,26.45
2019-09-25,1904.99,26.34
2019-09-26,1886.82,26.31
2019-09-27,1876.76,26.04
2019-09-28,1893.02,26.36
2019-09-29,1899.58,26.14
2019-09-30,1884.5,25.81
2019-10-01,1903.1,25.35
2019-10-02,1919.96,25.19
2019-10-03,1912.4,25.08
2019-10-04,1905.63,24.89
2019-10-05,1924.81,24.91
2019-10-06,1928.77,25.18
2019-10-07,1933.9,25.63
2019-10-08,1934.79,25.38
2019-10-09,1933.35,25.5
2019-10-10,1941.59,25.04
2019-10-11,1958.4,24.64
2019-10-12,1946.36,24.74
2019-10-13,1956.59,24.32
2019-10-14,1959.44,23.87
2019-10-15,1960.72,23.96
2019-10-16,1976.91,23.58
2019-10-17,1962.39,23.4
2019-10-18,1949.93,23.48
2019-10-19,1945.36,23.9
2019-10-20,1948.59,24.12
2019-10-21,1938.18,24.25
2019-10-22,1921.23,24.25
2019-10-23,1919.81,23.91
2019-10-24,1902.26,23.86
2019-10-25,1901.24,23.76
2019-10-26,1916.95,23.96
2019-10-27,1930.1,24.17
2019-10-28,1919.8,24.08
2019-10-29,1916.46,24.36
2019-10-30,1921.56,24.26
2019-10-31,1923.98,24.48
2019-11-01,1920.63,24.08
2019-11-02,1929.58,23.85
2019-11-03,1933.94,23.42
2019-11-04,1946.82,23.5
2019-11-05,1939.92,23.27
2019-11-06,1934.21,23.05
2019-11-07,1952.51,23.35
2019-11-08,1961.6,23.04
2019-11-09,1953.07,23.17
2019-11-10,1971.93,23.27
2019-11-11,1957.45,23.57
2019-11-12,1941.5,23.81
2019-11-13,1955.59,23.51
2019-11-14,1961.18,23.08
2019-11-15,1962.07,22.75
2019-11-16,1960.61,22.68
2019-11-17,1968.17,22.48
2019-11-18,1971.82,22.27
2019-11-19,1971.13,21.88
2019-11-20,1954.29,21.84
2019-11-21,1936.81,21.6
2019-11-22,1920.26,21.3
2019-11-23,1911.93,21.29
2019-11-24,1924.67,20.94
2019-11-25,1916.7,20.84
2019-11-26,1904.93,20.76
2019-11-27,1900.1,20.75
2019-11-28,1888.82,20.87
2019-11-29,1907.83,21.23
2019-11-30,1901.08,21.03
2019-12-01,1883.71,20.68
2019-12-02,1877.8,21.05
2019-12-03,1877.55,20.86
2019-12-04,1881.81,20.95
2019-12-05,1885.32,20.81
2019-12-06,1901.65,20.64
2019-12-07,1906.34,20.75
2019-12-08,1915.23,20.97
2019-12-09,1934.5,21.06
2019-12-10,1918.75,21.22
2019-12-11,1936.9,21.3
2019-12-12,1950.96,21.43
2019-12-13,1957.7,21.69
2019-12-14,1966.81,21.8
2019-12-15,1957.48,22.18
2019-12-16,1965.42,22.04
2019-12-17,1946.26,22.09
2019-12-18,1965.84,22.4
2019-12-19,1953.36,22.01
2019-12-20,1956.99,22.44
2019-12-21,1943.79,22.29
2019-12-22,1928.74,22.09
2019-12-23,1922.29,22.52
2019-12-24,1920.49,22.5
2019-12-25,1917.53,22.42
2019-12-26,1919.18,22.3
2019-12-27,1928.51,22.13
2019-12-28,1925.92,21.87
2019-12-29,1909.48,21.81
2019-12-30,1899.66,21.77
2019-12-31,1884.97,21.63
2020-01-01,1889.61,21.45
2020-01-02,1901.83,21.3
2020-01-03,1894.34,21.34
2020-01-04,1898.63,21.01
2020-01-05,1909.0,21.21
2020-01-06,1913.32,21.27
2020-01-07,1899.66,21.49
2020-01-08,1904.72,21.75
2020-01-09,1895.32,21.62
2020-01-10,1888.62,21.99
2020-01-11,1882.32,22.04
2020-01-12,1885.83,21.8
2020-01-13,1872.37,22.18
2020-01-14,1865.38,21.9
2020-01-15,1868.87,21.57
2020-01-16,1869.74,21.43
2020-01-17,1877.35,21.82
2020-01-18,1859.07,21.88
2020-01-19,1871.1,22.12
2020-01-20,1879.83,22.22
2020-01-21,1879.96,22.34
2020-01-22,1874.07,22.18
2020-01-23,1888.06,22.57
2020-01-24,1886.67,22.3
2020-01-25,1904.15,21.95
2020-01-26,1892.84,22.36
2020-01-27,1886.53,22.37
2020-01-28,1888.54,22.77
2020-01-29,1883.37,22.74
2020-01-30,1880.48,22.56
2020-01-31,1893.77,22.31
2020-02-01,1882.91,22.36
2020-02-02,1868.72,22.13
2020-02-03,1886.41,22.21
2020-02-04,1897.86,22.43
2020-02-05,1882.41,22.03
2020-02-06,1899.1,21.86
2020-02-07,1895.42,22.3
2020-02-08,1914.5,22.25
2020-02-09,1924.19,22.26
2020-02-10,1906.22,22.57
2020-02-11,1914.72,22.59
2020-02-12,1927.48,22.38
2020-02-13,1918.73,22.53
2020-02-14,1938.03,22.3
2020-02-15,1950.54,22.21
2020-02-16,1937.39,21.95
2020-02-17,1922.39,22.16
2020-02-18,1915.2,22.38
2020-02-19,1901.53,22.16
2020-02-20,1888.72,21.83
2020-02-21,1875.24,21.81
2020-02-22,1877.99,21.88
2020-02-23,1862.34,21.75
2020-02-24,1852.04,21.38
2020-02-25,1838.46,21.04
2020-02-26,1826.46,21.11
2020-02-27,1839.02,21.28
2020-02-28,1828.48,21.41
2020-02-29,1830.81,21.27
2020-03-01,1841.56,21.0
2020-03-02,1828.07,20.71
2020-03-03,1838.44,20.77
2020-03-04,1847.76,20.53
2020-03-05,1835.33,20.59
2020-03-06,1836.93,20.96
2020-03-07,1837.43,21.35
2020-03-08,1826.54,21.23
2020-03-09,1843.48,21.34
2020-03-10,1845.45,21.66
2020-03-11,1851.86,22.11
2020-03-12,1835.32,22.48
2020-03-13,1853.44,22.52
2020-03-14,1866.17,22.17
2020-03-15,1868.91,22.49
2020-03-16,1881.75,22.61
2020-03-17,1889.77,22.38
2020-03-18,1877.42,22.08
2020-03-19,1894.45,22.45
2020-03-20,1883.2,22.87
2020-03-21,1885.96,23.21
2020-03-22,1885.71,23.17
2020-03-23,1869.23,23.2
2020-03-24,1866.37,23.46
2020-03-25,1864.63,23.15
2020-03-26,1875.57,22.87
2020-03-27,1877.2,22.82
2020-03-28,1892.34,22.75
2020-03-29,1873.92,22.85
2020-03-30,1881.16,22.92
2020-03-31,1887.31,23.34
2020-04-01,1872.33,23.81
2020-04-02,1862.34,23.67
2020-04-03,1847.57,23.63
2020-04-04,1835.14,23.5
2020-04-05,1846.28,23.07
2020-04-06,1852.69,23.11
2020-04-07,1856.53,23.16
2020-04-08,1864.82,22.93
2020-04-09,1867.56,23.06
2020-04-10,1881.88,22.77
2020-04-11,1875.98,22.98
2020-04-12,1872.36,22.64
2020-04-13,1883.72,22.27
2020-04-14,1901.92,22.0
2020-04-15,1914.6,21.72
2020-04-16,1900.54,21.78
2020-04-17,1885.46,21.78
2020-04-18,1895.76,22.2
2020-04-19,1910.67,22.52
2020-04-20,1892.45,22.9
2020-04-21,1889.16,22.6
2020-04-22,1882.11,23.05
2020-04-23,1893.52,23.24
2020-04-24,1876.22,23.7
2020-04-25,1863.21,24.05
2020-04-26,1857.75,23.61
2020-04-27,1874.97,23.84
2020-04-28,1885.6,23.7
2020-04-29,1869.5,24.14
2020-04-30,1868.51,24.42
2020-05-01,1879.85,24.48
2020-05-02,1866.06,24.58
2020-05-03,1879.99,25.04
2020-05-04,1862.07,25.19
2020-05-05,1868.53,25.61
2020-05-06,1864.17,26.0
2020-05-07,1846.03,26.28
2020-05-08,1840.62,25.9
2020-05-09,1840.39,26.13
2020-05-10,1823.22,26.0
2020-05-11,1814.97,26.07
2020-05-12,1828.17,25.81
2020-05-13,1839.27,25.98
2020-05-14,1847.13,26.13
2020-05-15,1857.61,25.68
2020-05-16,1852.53,25.73
2020-05-17,1854.52,26.25
2020-05-18,1856.87,26.07
2020-05-19,1874.08,26.02
2020-05-20,1867.83,26.27
2020-05-21,1873.19,26.32
2020-05-22,1875.19,26.82
2020-05-23,1859.19,26.66
2020-05-24,1866.01,27.13
2020-05-25,1871.73,26.95
2020-05-26,1889.45,27.32
2020-05-27,1892.6,27.54
2020-05-28,1876.44,27.7
2020-05-29,1879.95,28.0
2020-05-30,1861.65,28.2
2020-05-31,1862.89,27.73
2020-06-01,1875.31,28.12
2020-06-02,1885.94,28.07
2020-06-03,1877.01,28.16
2020-06-04,1873.38,28.58
2020-06-05,1855.9,28.34
2020-06-06,1856.4,28.18
2020-06-07,1839.45,27.79
2020-06-08,1823.02,28.28
2020-06-09,1807.12,27.97
2020-06-10,1819.54,27.59
2020-06-11,1837.15,27.71
2020-06-12,1838.02,27.52
2020-06-13,1835.57,27.32
2020-06-14,1831.67,26.84
2020-06-15,1840.96,27.18
2020-06-16,1833.36,26.82
2020-06-17,1847.06,26.58
2020-06-18,1854.95,26.63
2020-06-19,1838.38,27.05
2020-06-20,1822.34,27.14
2020-06-21,1834.87,26.62
2020-06-22,1830.23,26.83
2020-06-23,1844.27,26.7
2020-06-24,1834.08,27.11
2020-06-25,1833.11,27.18
2020-06-26,1825.18,27.3
2020-06-27,1842.47,26.96
2020-06-28,1857.34,27.11
2020-06-29,1868.61,26.84
2020-06-30,1869.48,27.0
2020-07-01,1881.95,27.43
2020-07-02,1876.8,27.38
2020-07-03,1883.68,27.65
2020-07-04,1889.08,27.64
2020-07-05,1876.36,28.04
2020-07-06,1867.1,27.95
2020-07-07,1885.9,27.56
2020-07-08,1872.44,27.65
2020-07-09,1881.56,27.69
2020-07-10,1877.54,27.38
2020-07-11,1895.69,27.14
2020-07-12,1885.19,26.68
2020-07-13,1881.55,26.86
2020-07-14,1891.08,26.78
2020-07-15,1880.23,26.34
2020-07-16,1889.38,26.49
2020-07-17,1883.84,26.13
2020-07-18,1891.87,26.05
2020-07-19,1882.15,26.39
2020-07-20,1895.08,26.47
2020-07-21,1906.95,26.36
2020-07-22,1912.79,26.31
2020-07-23,1922.85,26.62
2020-07-24,1936.81,26.97
2020-07-25,1934.99,26.89
2020-07-26,1930.84,26.5
2020-07-27,1944.47,26.71
2020-07-28,1945.75,26.99
2020-07-29,1944.69,26.64
2020-07-30,1938.58,27.12
2020-07-31,1955.75,26.92
2020-08-01,1953.12,27.21
2020-08-02,1936.44,27.24
2020-08-03,1930.74,26.92
2020-08-04,1928.92,27.35
2020-08-05,1929.81,27.49
2020-08-06,1924.52,26.99
2020-08-07,1940.42,26.49
2020-08-08,1951.78,26.43
2020-08-09,1948.38,26.27
2020-08-10,1956.28,26.03
2020-08-11,1948.57,25.59
2020-08-12,1931.92,25.99
2020-08-13,1949.42,25.9
2020-08-14,1939.78,26.1
2020-08-15,1931.75,26.16
2020-08-16,1926.45,25.69
2020-08-17,1938.13,25.91
2020-08-18,1948.7,25.47
2020-08-19,1935.17,25.54
2020-08-20,1951.54,25.07
2020-08-21,1945.41,24.8
2020-08-22,1963.8,24.99
2020-08-23,1952.13,25.47
2020-08-24,1945.21,25.96
2020-08-25,1932.09,26.13
2020-08-26,1946.89,26.2
2020-08-27,1953.23,25.78
2020-08-28,1934.2,25.62
2020-08-29,1921.55,25.16
2020-08-30,1933.19,24.94
2020-08-31,1925.57,25.02
2020-09-01,1943.02,24.7
2020-09-02,1926.81,25.05
2020-09-03,1943.11,25.22
2020-09-04,1955.27,25.03
2020-09-05,1940.91,24.99
2020-09-06,1933.25,25.38
2020-09-07,1938.01,25.53
2020-09-08,1927.27,26.04
2020-09-09,1911.96,25.57
2020-09-10,1904.05,25.51
2020-09-11,1907.22,25.72
2020-09-12,1905.81,26.21
2020-09-13,1924.22,25.83
2020-09-14,1908.18,26.19
2020-09-15,1925.09,26.71
2020-09-16,1916.35,27.17
2020-09-17,1924.89,27.24
2020-09-18,1942.33,26.92
2020-09-19,1959.93,27.15
2020-09-20,1964.74,26.79
2020-09-21,1975.45,26.52
2020-09-22,1988.6,26.8
2020-09-23,1996.65,27.11
2020-09-24,2003.94,26.66
2020-09-25,1993.62,26.88
2020-09-26,1994.92,26.95
2020-09-27,2010.18,26.72
2020-09-28,1994.2,26.47
2020-09-29,1983.93,26.48
2020-09-30,1965.38,26.61
2020-10-01,1946.23,26.78
2020-10-02,1961.52,27.2
2020-10-03,1979.67,27.04
2020-10-04,1992.45,27.0
2020-10-05,2005.3,26.76
2020-10-06,2020.64,27.1
2020-10-07,2034.88,27.13
2020-10-08,2047.59,27.68
2020-10-09,2052.19,27.39
2020-10-10,2065.0,27.12
2020-10-11,2064.67,27.38
2020-10-12,2085.41,27.69
2020-10-13,2100.92,27.91
2020-10-14,2102.68,28.29
2020-10-15,2102.76,28.57
2020-10-16,2100.74,29.03
2020-10-17,2108.8,29.31
2020-10-18,2098.34,29.76
2020-10-19,2097.16,30.33
2020-10-20,2079.62,29.89
2020-10-21,2073.47,29.93
2020-10-22,2080.6,30.32
2020-10-23,2075.28,30.33
2020-10-24,2095.7,30.28
2020-10-25,2098.29,30.71
2020-10-26,2099.21,31.06
2020-10-27,2087.12,31.57
2020-10-28,2080.1,31.09
2020-10-29,2100.16,31.13
2020-10-30,2116.62,30.62
2020-10-31,2099.76,30.26
2020-11-01,2094.8,30.26
2020-11-02,2098.24,30.63
2020-11-03,2106.29,30.7
2020-11-04,2089.1,30.25
2020-11-05,2100.46,30.73
2020-11-06,2096.34,30.65
2020-11-07,2097.26,30.37
2020-11-08,2079.3,30.06
2020-11-09,2069.82,30.04
2020-11-10,2061.63,30.28
2020-11-11,2065.01,30.74
2020-11-12,2046.52,30.21
2020-11-13,2057.66,30.61
2020-11-14,2067.62,30.53
2020-11-15,2082.18,30.29
2020-11-16,2075.6,29.88
2020-11-17,2075.69,30.23
2020-11-18,2064.57,29.82
2020-11-19,2065.89,29.53
2020-11-20,2063.91,28.98
2020-11-21,2078.03,28.46
2020-11-22,2061.08,28.78
2020-11-23,2045.91,29.24
2020-11-24,2056.23,29.41
2020-11-25,2041.11,29.03
2020-11-26,2039.16,29.58
2020-11-27,2027.83,30.03
2020-11-28,2017.38,30.53
2020-11-29,2022.32,30.03
2020-11-30,2016.75,29.81
2020-12-01,2013.62,29.23
2020-12-02,2031.84,28.75
2020-12-03,2027.87,29.24
2020-12-04,2016.2,29.16
2020-12-05,2010.66,29.13
2020-12-06,1996.28,29.45
2020-12-07,2015.14,29.9
2020-12-08,2004.76,29.53
2020-12-09,2024.11,29.1
2020-12-10,2018.13,28.61
2020-12-11,2024.68,28.11
2020-12-12,2018.7,28.4
2020-12-13,2004.67,28.57
2020-12-14,2010.78,28.75
2020-12-15,2030.18,28.65
2020-12-16,2012.82,28.98
2020-12-17,1996.41,28.99
2020-12-18,1999.31,29.38
2020-12-19,2015.0,29.49
2020-12-20,2033.64,29.58
2020-12-21,2034.14,29.4
2020-12-22,2037.08,28.86
2020-12-23,2057.13,28.77
2020-12-24,2063.8,28.79
2020-12-25,2071.32,28.74
2020-12-26,2066.44,28.31
2020-12-27,2078.51,28.57
2020-12-28,2072.36,28.78
2020-12-29,2088.61,29.14
2020-12-30,2097.46,28.97
2020-12-31,2082.02,29.52
2021-01-01,2095.43,29.33
2021-01-02,2080.42,28.96
2021-01-03,2083.0,29.08
2021-01-04,2081.0,28.55
2021-01-05,2066.94,28.54
2021-01-06,2057.51,28.39
2021-01-07,2053.08,27.85
2021-01-08,2044.13,28.01
2021-01-09,2031.55,28.37
2021-01-10,2050.33,28.95
2021-01-11,2046.32,28.51
2021-01-12,2031.27,28.59
2021-01-13,2023.24,28.33
2021-01-14,2031.02,28.7
2021-01-15,2036.8,29.21
2021-01-16,2051.15,29.34
2021-01-17,2069.7,29.77
2021-01-18,2081.79,29.25
2021-01-19,2079.8,29.19
2021-01-20,2061.58,28.64
2021-01-21,2041.46,28.37
2021-01-22,2057.89,27.88
2021-01-23,2068.26,27.72
2021-01-24,2085.72,28.12
2021-01-25,2103.33,28.47
2021-01-26,2088.26,28.14
2021-01-27,2069.55,27.89
2021-01-28,2069.64,27.94
2021-01-29,2057.72,27.69
2021-01-30,2053.69,27.7
2021-01-31,2036.12,27.47
2021-02-01,2045.58,27.3
2021-02-02,2065.72,27.29
2021-02-03,2064.15,26.87
2021-02-04,2051.44,26.93
2021-02-05,2044.14,26.9
2021-02-06,2025.84,27.28
2021-02-07,2025.12,26.79
2021-02-08,2025.62,27.01
2021-02-09,2006.68,26.49
2021-02-10,2024.83,26.46
2021-02-11,2032.22,26.12
2021-02-12,2036.78,26.0
2021-02-13,2056.02,26.42
2021-02-14,2063.92,26.42
2021-02-15,2046.26,26.78
2021-02-16,2056.17,26.66
2021-02-17,2071.07,26.38
2021-02-18,2055.41,26.71
2021-02-19,2076.06,27.07
2021-02-20,2061.61,26.99
2021-02-21,2061.28,27.12
2021-02-22,2048.18,27.54
2021-02-23,2048.68,27.21
2021-02-24,2050.82,27.53
2021-02-25,2053.78,27.79
2021-02-26,2070.71,28.03
2021-02-27,2084.88,27.59
2021-02-28,2105.39,28.16
2021-03-01,2109.68,28.13
2021-03-02,2093.73,28.41
2021-03-03,2090.46,28.38
2021-03-04,2102.66,27.89
2021-03-05,2098.54,28.33
2021-03-06,2095.68,27.94
2021-03-07,2087.8,27.92
2021-03-08,2108.34,27.93
2021-03-09,2099.56,27.5
2021-03-10,2108.04,27.5
2021-03-11,2095.89,27.9
2021-03-12,2108.97,28.3
2021-03-13,2117.06,28.34
2021-03-14,2105.28,28.88
2021-03-15,2107.89,28.44
2021-03-16,2113.02,28.51
2021-03-17,2105.07,28.9
2021-03-18,2100.1,29.04
2021-03-19,2120.76,29.11
2021-03-20,2114.47,29.16
2021-03-21,2119.2,29.1
2021-03-22,2107.83,29.31
2021-03-23,2091.89,29.8
2021-03-24,2087.79,29.55
2021-03-25,2086.62,30.09
2021-03-26,2107.57,30.46
2021-03-27,2105.96,30.26
2021-03-28,2092.56,30.06
2021-03-29,2080.93,29.72
2021-03-30,2091.0,29.28
2021-03-31,2093.17,29.75
2021-04-01,2103.72,29.96
2021-04-02,2086.13,29.42
2021-04-03,2077.45,29.35
2021-04-04,2072.96,28.89
2021-04-05,2070.56,29.03
2021-04-06,2088.45,28.52
2021-04-07,2097.31,28.56
2021-04-08,2078.51,29.07
2021-04-09,2087.74,29.37
2021-04-10,2104.94,29.06
2021-04-11,2089.45,29.21
2021-04-12,2080.33,28.97
2021-04-13,2094.56,28.48
2021-04-14,2078.31,28.22
2021-04-15,2092.11,28.64
2021-04-16,2081.31,28.62
2021-04-17,2062.66,29.06
2021-04-18,2044.19,28.71
2021-04-19,2043.46,28.96
2021-04-20,2047.23,29.29
2021-04-21,2034.22,28.81
2021-04-22,2027.8,29.01
2021-04-23,2015.32,29.07
2021-04-24,2032.35,29.39
2021-04-25,2047.08,29.25
2021-04-26,2062.31,28.82
2021-04-27,2051.27,28.55
2021-04-28,2055.46,28.77
2021-04-29,2050.61,29.25
2021-04-30,2068.34,29.29
2021-05-01,2085.39,29.08
2021-05-02,2071.29,28.56
2021-05-03,2082.14,28.72
2021-05-04,2077.65,28.22
2021-05-05,2061.11,28.42
2021-05-06,2075.21,28.78
2021-05-07,2086.51,29.06
2021-05-08,2091.6,29.29
2021-05-09,2102.14,29.82
2021-05-10,2081.61,29.96
2021-05-11,2067.54,30.36
2021-05-12,2062.25,30.52
2021-05-13,2054.09,30.22
2021-05-14,2040.21,30.41
2021-05-15,2060.71,30.45
2021-05-16,2046.78,30.57
2021-05-17,2065.7,30.25
2021-05-18,2081.49,30.78
2021-05-19,2093.23,30.98
2021-05-20,2101.68,31.57
2021-05-21,2089.15,31.12
2021-05-22,2087.15,31.06
2021-05-23,2090.57,30.61
2021-05-24,2105.7,30.15
2021-05-25,2114.63,29.87
2021-05-26,2108.78,29.65
2021-05-27,2107.17,29.98
2021-05-28,2123.69,30.19
2021-05-29,2116.54,30.08
2021-05-30,2125.51,30.41
2021-05-31,2113.26,30.22
2021-06-01,2096.43,29.76
2021-06-02,2083.09,29.53
2021-06-03,2089.84,30.04
2021-06-04,2076.13,30.15
2021-06-05,2055.87,29.56
2021-06-06,2076.51,29.8
2021-06-07,2068.71,29.75
2021-06-08,2075.41,30.08
2021-06-09,2089.61,29.53
2021-06-10,2088.86,29.98
2021-06-11,2079.33,30.07
2021-06-12,2093.97,30.3
2021-06-13,2096.15,30.75
2021-06-14,2100.0,30.89
2021-06-15,2092.94,31.24
2021-06-16,2100.14,31.13
2021-06-17,2085.1,31.05
2021-06-18,2066.83,30.74
2021-06-19,2066.5,30.54
2021-06-20,2083.54,30.92
2021-06-21,2066.95,30.95
2021-06-22,2086.05,31.01
2021-06-23,2095.32,31.15
2021-06-24,2084.92,31.59
2021-06-25,2067.91,31.84
2021-06-26,2077.09,32.49
2021-06-27,2061.81,33.08
2021-06-28,2061.89,32.93
2021-06-29,2052.91,33.46
2021-06-30,2042.73,33.45
2021-07-01,2037.51,34.1
2021-07-02,2031.49,33.7
2021-07-03,2036.87,33.14
2021-07-04,2054.89,33.68
2021-07-05,2075.52,33.28
2021-07-06,2056.93,33.06
2021-07-07,2043.44,33.37
2021-07-08,2031.68,33.26
2021-07-09,2020.8,32.77
2021-07-10,2009.18,33.03
2021-07-11,2006.46,32.93
2021-07-12,2009.77,32.7
2021-07-13,1990.98,33.35
2021-07-14,1971.97,32.87
2021-07-15,1953.14,32.96
2021-07-16,1939.19,33.52
2021-07-17,1928.83,33.63
2021-07-18,1925.86,33.42
2021-07-19,1935.22,33.26
2021-07-20,1944.23,32.86
2021-07-21,1951.34,33.25
2021-07-22,1941.7,33.03
2021-07-23,1934.82,33.01
2021-07-24,1948.09,32.94
2021-07-25,1944.69,32.7
2021-07-26,1936.63,32.89
2021-07-27,1941.39,33.39
2021-07-28,1941.12,32.87
2021-07-29,1950.16,33.39
2021-07-30,1941.69,33.01
2021-07-31,1928.99,33.36
2021-08-01,1944.15,33.96
2021-08-02,1926.76,34.54
2021-08-03,1917.24,34.86
2021-08-04,1899.33,34.86
2021-08-05,1893.0,35
2021-08-06,1892.36,34.5
2021-08-07,1880.75,34.8
2021-08-08,1899.31,35
2021-08-09,1899.81,34.74
2021-08-10,1917.78,34.54
2021-08-11,1920.58,35.0
2021-08-12,1913.79,35
2021-08-13,1929.98,35
2021-08-14,1937.43,35
2021-08-15,1947.23,35
2021-08-16,1961.75,34.98
2021-08-17,1952.44,35
2021-08-18,1957.62,34.59
2021-08-19,1946.38,35
2021-08-20,1943.76,34.59
2021-08-21,1929.1,34.3
2021-08-22,1916.49,33.91
2021-08-23,1899.35,34.2
2021-08-24,1917.71,34.17
2021-08-25,1903.63,33.89
2021-08-26,1893.47,33.8
2021-08-27,1901.93,33.28
2021-08-28,1909.65,33.11
2021-08-29,1927.72,32.87
2021-08-30,1934.0,32.43
2021-08-31,1924.45,32.03
2021-09-01,1942.65,32.02
2021-09-02,1926.06,32.21
2021-09-03,1925.79,32.28
2021-09-04,1931.68,32.79
2021-09-05,1932.57,32.73
2021-09-06,1924.56,33.04
2021-09-07,1929.68,33.18
2021-09-08,1911.66,33.76
2021-09-09,1907.57,34.32
2021-09-10,1897.39,34.02
2021-09-11,1880.81,33.7
2021-09-12,1899.74,33.33
2021-09-13,1902.52,32.95
2021-09-14,1886.66,32.92
2021-09-15,1895.08,32.43
2021-09-16,1894.07,32.94
2021-09-17,1883.96,33.45
2021-09-18,1891.24,33.37
2021-09-19,1875.86,33.31
2021-09-20,1883.48,33.71
2021-09-21,1871.93,33.69
2021-09-22,1860.08,34.19
2021-09-23,1846.81,34.76
2021-09-24,1844.73,35
2021-09-25,1855.56,35
2021-09-26,1856.06,35
2021-09-27,1872.52,34.8
2021-09-28,1891.37,34.72
2021-09-29,1882.41,35
2021-09-30,1890.44,35
2021-10-01,1901.53,35
2021-10-02,1887.58,35
2021-10-03,1899.4,35
2021-10-04,1909.4,35
2021-10-05,1898.82,34.57
2021-10-06,1887.55,35
2021-10-07,1890.32,35
2021-10-08,1890.44,34.33
2021-10-09,1899.63,33.8
2021-10-10,1914.57,34.38
2021-10-11,1927.32,34.47
2021-10-12,1922.04,34.85
2021-10-13,1905.24,34.99
2021-10-14,1916.03,34.96
2021-10-15,1905.8,34.64
2021-10-16,1891.44,34.99
2021-10-17,1882.1,35
2021-10-18,1888.62,35
2021-10-19,1894.04,34.7
2021-10-20,1883.17,34.98
2021-10-21,1877.64,35
2021-10-22,1890.16,34.57
2021-10-23,1892.55,34.84
2021-10-24,1876.78,34.78
2021-10-25,1887.04,34.83
2021-10-26,1877.72,35
2021-10-27,1871.46,35
2021-10-28,1870.09,34.38
2021-10-29,1875.45,34.89
2021-10-30,1883.08,35
2021-10-31,1895.26,34.36
2021-11-01,1894.24,33.8
2021-11-02,1910.27,33.47
2021-11-03,1895.87,33.06
2021-11-04,1878.17,32.7
2021-11-05,1883.93,32.42
2021-11-06,1882.17,32.25
2021-11-07,1898.86,31.75
2021-11-08,1903.53,31.68
2021-11-09,1887.66,31.3
2021-11-10,1901.38,31.45
2021-11-11,1893.51,31.64
2021-11-12,1911.43,32.11
2021-11-13,1925.69,32.74
2021-11-14,1939.67,32.43
2021-11-15,1926.6,32.81
2021-11-16,1930.18,32.18
2021-11-17,1941.1,32.13
2021-11-18,1928.4,32.13
2021-11-19,1937.0,32.51
2021-11-20,1949.9,32.2
2021-11-21,1954.3,32.66
2021-11-22,1938.38,32.65
2021-11-23,1951.67,32.18
2021-11-24,1949.44,32.23
2021-11-25,1946.04,31.91
2021-11-26,1937.59,31.99
2021-11-27,1956.31,31.46
2021-11-28,1952.11,32.08
2021-11-29,1947.93,31.85
2021-11-30,1957.39,31.56
2021-12-01,1969.63,32.0
2021-12-02,1978.8,32.21
2021-12-03,1963.47,32.4
2021-12-04,1974.18,32.15
2021-12-05,1975.47,32.47
2021-12-06,1994.53,33.13
2021-12-07,1998.63,33.46
2021-12-08,2003.52,33.07
2021-12-09,1991.6,32.72
2021-12-10,1995.69,32.34
2021-12-11,1985.01,32.86
2021-12-12,1977.57,32.45
2021-12-13,1981.63,32.49
2021-12-14,1962.31,31.9
2021-12-15,1969.88,32.15
2021-12-16,1960.92,32.03
2021-12-17,1967.3,32.45
2021-12-18,1970.95,33.1
2021-12-19,1982.49,33.63
2021-12-20,1982.59,33.37
2021-12-21,1975.16,33.87
2021-12-22,1987.51,33.52
2021-12-23,1977.28,34.09
2021-12-24,1988.06,34.48
2021-12-25,1991.74,33.99
2021-12-26,1973.12,34.42
2021-12-27,1953.89,34.9
2021-12-28,1957.91,35
2021-12-29,1965.07,35
2021-12-30,1963.21,34.35
2021-12-31,1956.25,35
2022-01-01,1948.14,35
2022-01-02,1936.95,34.77
2022-01-03,1925.05,35
2022-01-04,1917.85,35
2022-01-05,1935.23,34.61
2022-01-06,1951.21,34.12
2022-01-07,1959.52,34.77
2022-01-08,1973.73,34.37
2022-01-09,1992.79,34.12
2022-01-10,1973.76,33.78
2022-01-11,1959.65,33.34
2022-01-12,1979.36,33.63
2022-01-13,1974.71,33.93
2022-01-14,1965.73,33.64
2022-01-15,1956.01,33.22
2022-01-16,1949.47,33.66
2022-01-17,1932.42,33.95
2022-01-18,1942.2,33.9
2022-01-19,1948.53,34.38
2022-01-20,1944.74,35.0
2022-01-21,1962.35,34.37
2022-01-22,1976.98,34.82
2022-01-23,1977.88,34.96
2022-01-24,1978.77,34.45
2022-01-25,1959.88,34.33
2022-01-26,1951.76,34.35
2022-01-27,1944.84,34.91
2022-01-28,1925.89,34.59
2022-01-29,1922.54,35
2022-01-30,1908.81,35
2022-01-31,1911.6,35
2022-02-01,1919.75,35
2022-02-02,1907.96,34.96
2022-02-03,1906.17,34.86
2022-02-04,1916.59,35
2022-02-05,1900.22,35
2022-02-06,1918.58,34.49
2022-02-07,1930.59,34.89
2022-02-08,1934.57,35
2022-02-09,1927.33,34.63
2022-02-10,1943.25,34.63
2022-02-11,1949.58,34.13
2022-02-12,1952.42,34.35
2022-02-13,1970.49,34.17
2022-02-14,1969.02,34.77
2022-02-15,1973.46,34.57
2022-02-16,1970.8,33.93
2022-02-17,1951.59,34.53
2022-02-18,1948.19,35
2022-02-19,1966.61,34.56
2022-02-20,1975.77,34.84
2022-02-21,1983.38,35
2022-02-22,1982.69,34.61
2022-02-23,1966.14,34.7
2022-02-24,1952.48,35
2022-02-25,1961.57,35
2022-02-26,1971.1,34.8
2022-02-27,1971.2,34.57
2022-02-28,1978.4,34.64
2022-03-01,1989.19,34.54
2022-03-02,1991.68,34.2
2022-03-03,2007.72,34.27
2022-03-04,2006.61,33.92
2022-03-05,2020.35,34.24
2022-03-06,2013.98,34.36
2022-03-07,2001.59,33.81
2022-03-08,1985.28,33.68
2022-03-09,1979.43,33.97
2022-03-10,1970.03,34.06
2022-03-11,1959.1,33.85
2022-03-12,1967.05,34.1
2022-03-13,1975.02,34.69
2022-03-14,1968.81,34.28
2022-03-15,1974.82,33.62
2022-03-16,1956.76,33.37
2022-03-17,1947.87,33.76
2022-03-18,1947.98,34.28
2022-03-19,1956.27,34.37
2022-03-20,1942.29,34.14
2022-03-21,1943.96,34.12
2022-03-22,1931.63,33.98
2022-03-23,1923.24,33.9
2022-03-24,1912.2,33.42
2022-03-25,1905.44,32.99
2022-03-26,1887.64,32.57
2022-03-27,1895.69,32.99
2022-03-28,1904.16,33.3
2022-03-29,1906.18,33.54
2022-03-30,1889.91,33.79
2022-03-31,1894.56,34.01
2022-04-01,1901.5,33.82
2022-04-02,1893.26,34.47
2022-04-03,1875.2,34.64
2022-04-04,1890.33,35
2022-04-05,1888.18,34.45
2022-04-06,1890.95,35
2022-04-07,1884.64,35
2022-04-08,1889.29,35
2022-04-09,1893.57,35
2022-04-10,1889.9,34.95
2022-04-11,1895.31,35
2022-04-12,1910.98,35
2022-04-13,1906.51,35
2022-04-14,1903.96,35
2022-04-15,1899.89,34.88
2022-04-16,1899.25,35
2022-04-17,1883.42,35
2022-04-18,1887.31,34.73
2022-04-19,1877.99,35
2022-04-20,1891.64,35
2022-04-21,1899.33,35
2022-04-22,1901.72,35
2022-04-23,1915.92,35
2022-04-24,1926.0,34.71
2022-04-25,1911.86,34.84
2022-04-26,1913.12,34.38
2022-04-27,1895.64,34.59
2022-04-28,1896.52,34.7
2022-04-29,1906.88,34.88
2022-04-30,1920.35,35
2022-05-01,1936.21,34.84
2022-05-02,1943.29,34.76
2022-05-03,1924.75,34.54
2022-05-04,1939.49,34.67
2022-05-05,1935.73,34.74
2022-05-06,1938.55,35
2022-05-07,1936.34,35
2022-05-08,1952.33,34.47
2022-05-09,1971.96,33.89
2022-05-10,1960.23,34.54
2022-05-11,1956.42,34.73
2022-05-12,1974.92,34.51
2022-05-13,1960.41,34.05
2022-05-14,1975.02,33.95
2022-05-15,1984.21,33.6
2022-05-16,1984.32,34.0
2022-05-17,1982.04,34.56
2022-05-18,1973.42,35
2022-05-19,1972.74,35
2022-05-20,1982.31,34.32
2022-05-21,1963.78,33.69
2022-05-22,1973.71,34.04
2022-05-23,1984.08,34.52
2022-05-24,1975.45,34.35
2022-05-25,1981.48,33.94
2022-05-26,1974.06,34.07
2022-05-27,1967.45,33.97
2022-05-28,1968.34,34.44
2022-05-29,1972.39,34.3
2022-05-30,1979.59,33.87
2022-05-31,1978.11,34.47
2022-06-01,1986.92,34.32
2022-06-02,1996.96,33.76
2022-06-03,1992.27,34.16
2022-06-04,1993.56,33.77
2022-06-05,1986.89,34.44
2022-06-06,1995.33,34.52
2022-06-07,2006.61,34.06
2022-06-08,2014.73,33.81
2022-06-09,2020.47,34.38
2022-06-10,2036.73,34.99
2022-06-11,2037.23,35
2022-06-12,2032.84,35
2022-06-13,2046.35,35
2022-06-14,2032.53,35
2022-06-15,2034.25,34.33
2022-06-16,2015.63,34.64
2022-06-17,2015.32,34.29
2022-06-18,2013.0,34.6
2022-06-19,2011.08,34.44
2022-06-20,2030.08,33.77
2022-06-21,2018.0,33.41
2022-06-22,2035.85,33.71
2022-06-23,2024.95,34.27
2022-06-24,2011.68,34.33
2022-06-25,2002.12,34.17
2022-06-26,2006.23,33.86
2022-06-27,2001.91,33.83
2022-06-28,1996.01,33.2
2022-06-29,2012.87,32.6
2022-06-30,2017.8,32.8
2022-07-01,2030.41,33.29
2022-07-02,2018.32,33.94
2022-07-03,1999.44,33.81
2022-07-04,2014.74,34.3
2022-07-05,2032.97,34.68
2022-07-06,2020.05,34.2
2022-07-07,2018.53,33.79
2022-07-08,2024.68,33.26
2022-07-09,2026.4,33.33
2022-07-10,2034.6,32.86
2022-07-11,2048.93,33.16
2022-07-12,2029.35,33.47
2022-07-13,2014.03,32.87
2022-07-14,2016.14,33.43
2022-07-15,2017.85,33.53
2022-07-16,2001.8,32.99
2022-07-17,1995.49,33.6
2022-07-18,2006.77,33.58
2022-07-19,2005.66,33.0
2022-07-20,2008.57,33.43
2022-07-21,2020.72,33.45
2022-07-22,2006.27,32.97
2022-07-23,1995.93,32.41
2022-07-24,1987.65,32.63
2022-07-25,1982.98,32.4
2022-07-26,1994.19,32.38
2022-07-27,2009.45,32.51
2022-07-28,2018.79,32.14
2022-07-29,2006.37,32.43
2022-07-30,2000.45,32.75
2022-07-31,2020.15,32.43
2022-08-01,2030.76,32.49
2022-08-02,2049.13,32.67
2022-08-03,2058.64,32.92
2022-08-04,2062.44,33.13
2022-08-05,2080.26,32.66
2022-08-06,2091.16,32.09
2022-08-07,2103.37,32.04
2022-08-08,2098.4,31.76
2022-08-09,2113.59,31.99
2022-08-10,2106.06,32.17
2022-08-11,2095.61,31.72
2022-08-12,2076.83,31.92
2022-08-13,2071.51,31.89
2022-08-14,2056.68,32.36
2022-08-15,2055.54,32.25
2022-08-16,2074.95,32.22
2022-08-17,2092.05,32.67
2022-08-18,2085.44,33.19
2022-08-19,2104.71,32.64
2022-08-20,2099.73,32.87
2022-08-21,2095.19,33.31
2022-08-22,2114.55,33.37
2022-08-23,2128.16,33.0
2022-08-24,2118.02,32.51
2022-08-25,2134.19,32.02
2022-08-26,2115.91,32.39
2022-08-27,2117.68,31.8
2022-08-28,2097.85,31.31
2022-08-29,2118.49,31.73
2022-08-30,2126.2,32.1
2022-08-31,2120.32,32.64
2022-09-01,2123.36,33.13
2022-09-02,2109.85,33.17
2022-09-03,2113.72,33.26
2022-09-04,2109.15,33.4
2022-09-05,2096.57,33.35
2022-09-06,2116.78,33.93
2022-09-07,2113.05,33.3
2022-09-08,2131.3,32.92
2022-09-09,2147.14,33.22
2022-09-10,2168.25,32.92
2022-09-11,2153.58,32.8
2022-09-12,2143.74,32.84
2022-09-13,2151.96,33.2
2022-09-14,2156.33,33.61
2022-09-15,2162.44,34.21
2022-09-16,2148.23,34.57
2022-09-17,2165.92,33.97
2022-09-18,2184.61,33.63
2022-09-19,2163.7,33.68
2022-09-20,2174.59,33.07
2022-09-21,2166.39,32.88
2022-09-22,2146.09,32.5
2022-09-23,2144.02,32.92
2022-09-24,2123.51,32.65
2022-09-25,2128.68,32.95
2022-09-26,2110.87,33.48
2022-09-27,2124.88,33.64
2022-09-28,2104.98,33.67
2022-09-29,2105.48,33.55
2022-09-30,2101.35,33.66
2022-10-01,2120.76,33.61
2022-10-02,2114.05,33.14
2022-10-03,2134.42,33.36
2022-10-04,2143.03,33.89
2022-10-05,2161.11,33.48
2022-10-06,2170.25,34.05
2022-10-07,2186.81,33.68
2022-10-08,2197.37,34.3
2022-10-09,2178.97,34.84
2022-10-10,2167.71,34.86
2022-10-11,2167.77,34.46
2022-10-12,2184.32,34.48
2022-10-13,2185.69,33.81
2022-10-14,2203.24,33.37
2022-10-15,2194.04,33.27
2022-10-16,2173.48,32.64
2022-10-17,2192.24,32.84
2022-10-18,2192.3,33.27
2022-10-19,2184.91,33.14
2022-10-20,2181.04,33.75
2022-10-21,2186.77,33.43
2022-10-22,2175.46,33.23
2022-10-23,2166.83,32.78
2022-10-24,2179.89,32.31
2022-10-25,2162.08,32.36
2022-10-26,2166.04,33.01
2022-10-27,2176.51,32.89
2022-10-28,2164.38,33.46
2022-10-29,2177.87,33.48
2022-10-30,2160.07,33.02
2022-10-31,2157.12,33.37
2022-11-01,2178.33,33.72
2022-11-02,2168.81,34.39
2022-11-03,2177.11,33.9
2022-11-04,2190.68,34.58
2022-11-05,2206.51,35
2022-11-06,2213.63,34.74
2022-11-07,2211.92,34.48
2022-11-08,2231.88,35
2022-11-09,2213.63,35
2022-11-10,2213.69,35
2022-11-11,2192.05,35
2022-11-12,2191.24,35
2022-11-13,2182.54,34.64
2022-11-14,2166.89,34.97
2022-11-15,2160.02,34.44
2022-11-16,2162.68,34.39
2022-11-17,2157.55,34.87
2022-11-18,2176.61,35
2022-11-19,2155.34,35
2022-11-20,2176.97,34.77
2022-11-21,2159.61,35
2022-11-22,2149.75,35
2022-11-23,2148.1,35
2022-11-24,2130.13,34.7
2022-11-25,2124.66,34.05
2022-11-26,2144.71,34.53
2022-11-27,2143.92,34.83
2022-11-28,2128.98,34.53
2022-11-29,2141.83,35
2022-11-30,2157.75,35
2022-12-01,2175.08,34.33
2022-12-02,2157.31,34.77
2022-12-03,2157.81,34.16
2022-12-04,2175.58,33.65
2022-12-05,2196.53,34.26
2022-12-06,2215.04,34.32
2022-12-07,2228.83,34.83
2022-12-08,2213.28,35
2022-12-09,2224.85,34.6
2022-12-10,2236.03,34.9
2022-12-11,2238.76,34.71
2022-12-12,2223.14,34.53
2022-12-13,2244.54,34.9
2022-12-14,2230.23,35
2022-12-15,2247.68,35
2022-12-16,2248.63,34.38
2022-12-17,2246.88,34.05
2022-12-18,2235.24,34.37
2022-12-19,2252.29,33.73
2022-12-20,2249.63,33.87
2022-12-21,2235.28,33.42
2022-12-22,2242.49,32.85
2022-12-23,2258.24,32.73
2022-12-24,2276.35,32.9
2022-12-25,2281.41,33.45
2022-12-26,2275.06,33.91
2022-12-27,2289.21,34.35
2022-12-28,2279.18,34.4
2022-12-29,2297.46,33.98
2022-12-30,2290.15,34.09
2022-12-31,2291.11,34.41
2023-01-01,2288.4,34.74
2023-01-02,2294.39,34.66
2023-01-03,2285.71,34.04
2023-01-04,2274.33,33.44
2023-01-05,2275.28,34.03
2023-01-06,2276.69,33.78
2023-01-07,2294.5,34.38
2023-01-08,2309.68,34.03
2023-01-09,2315.26,34.1
2023-01-10,2337.53,33.52
2023-01-11,2347.38,33.54
2023-01-12,2340.36,33.23
2023-01-13,2342.74,33.66
2023-01-14,2330.12,33.67
2023-01-15,2330.62,34.33
2023-01-16,2344.17,33.67
2023-01-17,2322.16,34.29
2023-01-18,2325.45,34.94
2023-01-19,2339.9,35
2023-01-20,2362.4,34.5
2023-01-21,2366.21,34.92
2023-01-22,2378.06,35
2023-01-23,2367.62,34.47
2023-01-24,2350.6,34.47
2023-01-25,2370.85,34.83
2023-01-26,2376.09,34.39
2023-01-27,2361.86,34.45
2023-01-28,2371.81,34.78
2023-01-29,2352.38,34.93
2023-01-30,2352.41,35.0
2023-01-31,2367.5,34.48
2023-02-01,2349.53,34.05
2023-02-02,2372.12,33.91
2023-02-03,2375.46,33.45
2023-02-04,2398.77,33.43
2023-02-05,2394.47,33.61
2023-02-06,2387.79,33.79
2023-02-07,2378.74,33.33
2023-02-08,2374.0,33.88
2023-02-09,2371.18,33.75
2023-02-10,2376.9,33.42
2023-02-11,2369.31,33.95
2023-02-12,2350.86,33.44
2023-02-13,2351.36,32.88
2023-02-14,2367.85,33.53
2023-02-15,2383.5,33.61
2023-02-16,2402.59,33.04
2023-02-17,2423.76,33.6
2023-02-18,2419.89,34.25
2023-02-19,2417.97,34.59
2023-02-20,2412.67,34.85
2023-02-21,2404.0,34.61
2023-02-22,2409.79,34.17
2023-02-23,2392.94,34.6
2023-02-24,2392.96,35
2023-02-25,2390.59,35
2023-02-26,2410.69,34.85
2023-02-27,2413.6,34.97
2023-02-28,2431.48,34.79
2023-03-01,2447.54,34.79
2023-03-02,2446.09,34.74
2023-03-03,2465.18,34.09
2023-03-04,2461.24,33.7
2023-03-05,2460.75,33.84
2023-03-06,2443.54,33.47
2023-03-07,2435.24,33.52
2023-03-08,2456.68,32.91
2023-03-09,2437.04,33.41
2023-03-10,2425.35,32.98
2023-03-11,2431.19,32.99
2023-03-12,2413.21,32.93
2023-03-13,2408.4,32.93
2023-03-14,2419.5,32.35
2023-03-15,2429.19,32.1
2023-03-16,2420.95,32.1
2023-03-17,2425.32,32.65
2023-03-18,2417.58,32.92
2023-03-19,2393.9,32.98
2023-03-20,2397.27,32.86
2023-03-21,2382.43,32.36
2023-03-22,2376.74,32.9
2023-03-23,2379.61,32.44
2023-03-24,2391.06,32.28
2023-03-25,2374.34,32.66
2023-03-26,2395.26,33.3
2023-03-27,2413.01,33.65
2023-03-28,2416.4,33.47
2023-03-29,2414.97,33.62
2023-03-30,2419.82,33.06
2023-03-31,2403.86,32.57
2023-04-01,2418.31,32.72
2023-04-02,2406.71,33.12
2023-04-03,2387.96,33.02
2023-04-04,2410.91,33.38
2023-04-05,2418.16,33.92
2023-04-06,2411.4,33.26
2023-04-07,2414.8,33.6
2023-04-08,2395.5,34.03
2023-04-09,2390.25,34.63
2023-04-10,2382.14,35
2023-04-11,2399.79,34.89
2023-04-12,2391.65,35
2023-04-13,2406.5,34.38
2023-04-14,2428.66,33.8
2023-04-15,2423.82,33.59
2023-04-16,2424.32,33.32
2023-04-17,2425.79,32.93
2023-04-18,2450.06,33.29
2023-04-19,2473.59,32.74
2023-04-20,2490.42,32.36
2023-04-21,2483.45,32.11
2023-04-22,2464.08,31.81
2023-04-23,2460.14,31.84
2023-04-24,2463.1,32.42
2023-04-25,2451.78,32.78
2023-04-26,2466.5,32.64
2023-04-27,2447.76,32.68
2023-04-28,2429.66,32.81
2023-04-29,2429.19,32.86
2023-04-30,2449.12,33.35
2023-05-01,2459.42,33.27
2023-05-02,2465.33,33.1
2023-05-03,2475.2,33.53
2023-05-04,2457.88,32.99
2023-05-05,2482.46,33.23
2023-05-06,2472.04,32.6
2023-05-07,2489.84,32.53
2023-05-08,2503.79,31.91
2023-05-09,2493.27,31.46
2023-05-10,2504.24,31.5
2023-05-11,2486.21,31.06
2023-05-12,2510.58,30.76
2023-05-13,2526.65,31.07
2023-05-14,2541.3,30.58
2023-05-15,2564.16,30.86
2023-05-16,2568.76,30.51
2023-05-17,2580.56,31.06
2023-05-18,2572.29,30.87
2023-05-19,2564.56,30.77
2023-05-20,2543.52,30.69
2023-05-21,2533.33,30.36
2023-05-22,2541.43,30.68
2023-05-23,2545.49,30.39
2023-05-24,2556.17,30.06
2023-05-25,2531.62,30.46
2023-05-26,2525.54,30.35
2023-05-27,2508.36,30.92
2023-05-28,2525.42,31.13
2023-05-29,2544.1,31.39
2023-05-30,2535.44,31.75
2023-05-31,2528.34,31.54
2023-06-01,2539.96,31.79
2023-06-02,2555.19,31.54
2023-06-03,2552.63,31.32
2023-06-04,2551.59,31.0
2023-06-05,2539.34,31.38
2023-06-06,2524.09,31.98
2023-06-07,2544.28,31.39
2023-06-08,2549.36,31.37
2023-06-09,2568.22,31.08
2023-06-10,2584.12,30.95
2023-06-11,2579.46,30.47
2023-06-12,2591.82,30.14
2023-06-13,2567.44,30.28
2023-06-14,2545.35,30.16
2023-06-15,2551.96,30.17
2023-06-16,2548.88,29.65
2023-06-17,2559.58,29.49
2023-06-18,2559.05,29.56
2023-06-19,2576.96,29.13
2023-06-20,2594.46,29.23
2023-06-21,2585.62,29.81
2023-06-22,2576.82,30.35
2023-06-23,2575.77,30.23
2023-06-24,2576.78,30.28
2023-06-25,2578.32,30.76
2023-06-26,2562.83,31.01
2023-06-27,2550.52,30.77
2023-06-28,2568.36,30.35
2023-06-29,2548.31,30.1
2023-06-30,2545.24,30.6
2023-07-01,2564.07,30.62
2023-07-02,2555.85,31.09
2023-07-03,2572.2,31.28
2023-07-04,2582.99,30.83
2023-07-05,2562.82,30.46
2023-07-06,2556.66,30.84
2023-07-07,2576.08,31.3
2023-07-08,2601.83,31.32
2023-07-09,2596.6,31.41
2023-07-10,2589.83,30.81
2023-07-11,2564.43,30.95
2023-07-12,2584.42,30.61
2023-07-13,2593.71,30.49
2023-07-14,2612.37,30.93
2023-07-15,2591.44,31.02
2023-07-16,2599.72,30.52
2023-07-17,2624.14,30.42
2023-07-18,2635.66,30.36
2023-07-19,2616.13,30.09
2023-07-20,2640.17,29.78
2023-07-21,2620.08,29.78
2023-07-22,2612.19,29.43
2023-07-23,2595.45,29.75
2023-07-24,2581.42,29.25
2023-07-25,2582.43,29.36
2023-07-26,2562.28,29.91
2023-07-27,2542.28,30.19
2023-07-28,2566.67,30.45
2023-07-29,2564.61,30.94
2023-07-30,2542.54,31.03
2023-07-31,2530.33,30.83
2023-08-01,2514.63,30.27
2023-08-02,2503.57,30.0
2023-08-03,2500.56,29.45
2023-08-04,2486.56,29.96
2023-08-05,2496.01,30.14
2023-08-06,2517.48,30.46
2023-08-07,2521.5,30.51
2023-08-08,2514.44,30.48
2023-08-09,2524.99,31.1
2023-08-10,2503.27,30.81
2023-08-11,2506.78,31.02
2023-08-12,2531.84,30.94
2023-08-13,2549.05,31.27
2023-08-14,2545.47,31.12
2023-08-15,2542.92,30.95
2023-08-16,2547.49,30.95
2023-08-17,2570.41,30.94
2023-08-18,2546.75,30.47
2023-08-19,2523.82,30.91
2023-08-20,2501.1,30.7
2023-08-21,2521.6,31.25
2023-08-22,2500.42,30.77
2023-08-23,2508.92,30.49
2023-08-24,2514.94,31.05
2023-08-25,2532.04,30.55
2023-08-26,2520.89,30.53
2023-08-27,2524.42,30.76
2023-08-28,2499.67,30.86
2023-08-29,2521.17,30.29
2023-08-30,2506.04,30.02
2023-08-31,2499.02,29.5
2023-09-01,2495.02,29.51
2023-09-02,2504.0,29.66
2023-09-03,2487.98,30.09
2023-09-04,2469.07,30.38
2023-09-05,2482.91,30.67
2023-09-06,2465.53,30.86
2023-09-07,2441.37,30.31
2023-09-08,2430.64,30.06
2023-09-09,2423.36,30.38
2023-09-10,2401.57,30.23
2023-09-11,2418.88,30.23
2023-09-12,2401.48,30.45
2023-09-13,2378.93,30.13
2023-09-14,2376.1,30.51
2023-09-15,2379.92,30.85
2023-09-16,2368.05,31.35
2023-09-17,2349.13,31.39
2023-09-18,2362.31,31.49
2023-09-19,2365.65,31.1
2023-09-20,2366.62,31.29
2023-09-21,2376.59,30.87
2023-09-22,2353.32,30.41
2023-09-23,2331.7,30.99
2023-09-24,2313.08,31.31
2023-09-25,2329.31,31.66
2023-09-26,2327.02,31.12
2023-09-27,2322.4,31.1
2023-09-28,2308.03,31.49
2023-09-29,2321.0,31.9
2023-09-30,2298.29,32.37
2023-10-01,2319.93,32.44
2023-10-02,2308.37,33.02
2023-10-03,2292.71,33.2
2023-10-04,2308.8,32.9
2023-10-05,2331.0,32.92
2023-10-06,2350.62,32.76
2023-10-07,2361.93,32.12
2023-10-08,2357.7,32.59
2023-10-09,2350.19,32.0
2023-10-10,2338.47,31.62
2023-10-11,2354.4,31.44
2023-10-12,2360.55,31.8
2023-10-13,2367.66,31.91
2023-10-14,2378.11,31.29
2023-10-15,2387.17,30.9
2023-10-16,2392.44,30.68
2023-10-17,2404.42,30.3
2023-10-18,2415.5,29.87
2023-10-19,2429.53,30.28
2023-10-20,2407.68,30.56
2023-10-21,2384.1,30.6
2023-10-22,2371.25,30.79
2023-10-23,2349.46,31.13
2023-10-24,2357.01,30.66
2023-10-25,2335.35,31.09
2023-10-26,2349.4,31.45
2023-10-27,2327.81,31.07
2023-10-28,2339.95,31.31
2023-10-29,2340.45,31.39
2023-10-30,2347.51,31.7
2023-10-31,2344.72,31.11
2023-11-01,2367.73,30.99
2023-11-02,2369.65,30.88
2023-11-03,2372.99,31.26
2023-11-04,2392.0,31.64
2023-11-05,2388.2,32.04
2023-11-06,2388.7,32.66
2023-11-07,2388.72,33.11
2023-11-08,2407.37,33.23
2023-11-09,2423.28,32.58
2023-11-10,2407.3,32.35
2023-11-11,2427.54,32.94
2023-11-12,2419.79,32.42
2023-11-13,2426.1,32.84
2023-11-14,2413.01,33.49
2023-11-15,2394.69,33.21
2023-11-16,2373.16,33.78
2023-11-17,2395.49,33.47
2023-11-18,2372.52,33.17
2023-11-19,2369.22,33.48
2023-11-20,2353.14,33.31
2023-11-21,2339.05,33.86
2023-11-22,2350.31,33.77
2023-11-23,2329.65,34.04
2023-11-24,2338.54,34.6
2023-11-25,2346.99,35
2023-11-26,2331.53,35
2023-11-27,2319.91,34.59
2023-11-28,2318.55,34.86
2023-11-29,2317.2,34.69
2023-11-30,2336.23,34.94
2023-12-01,2346.55,34.73
2023-12-02,2332.97,35
2023-12-03,2319.94,34.47
2023-12-04,2308.84,34.54
2023-12-05,2307.49,34.96
2023-12-06,2329.22,35
2023-12-07,2338.57,35
2023-12-08,2320.36,35
2023-12-09,2320.4,34.98
2023-12-10,2317.65,34.65
2023-12-11,2312.59,34.79
2023-12-12,2303.83,34.83
2023-12-13,2281.76,34.51
2023-12-14,2298.23,34.35
2023-12-15,2303.79,34.1
2023-12-16,2310.74,33.56
2023-12-17,2307.54,34.13
2023-12-18,2316.35,33.71
2023-12-19,2295.07,33.11
2023-12-20,2306.13,32.67
2023-12-21,2307.09,32.19
2023-12-22,2323.28,32.8
2023-12-23,2334.93,32.37
2023-12-24,2341.5,32.54
2023-12-25,2329.36,32.69
2023-12-26,2330.32,32.68
2023-12-27,2343.41,32.67
2023-12-28,2357.03,32.19
2023-12-29,2340.56,31.81
2023-12-30,2335.44,31.82
2023-12-31,2356.49,31.38
2024-01-01,2353.22,31.27
2024-01-02,2371.61,30.96
2024-01-03,2355.51,30.65
2024-01-04,2366.37,31.26
2024-01-05,2343.68,31.22
2024-01-06,2351.21,31.69
2024-01-07,2365.82,32.09
2024-01-08,2353.07,31.66
2024-01-09,2373.81,32.25
2024-01-10,2380.48,32.27
2024-01-11,2398.59,32.07
2024-01-12,2409.65,31.72
2024-01-13,2425.57,31.59
2024-01-14,2440.14,31.78
2024-01-15,2416.73,32.21
2024-01-16,2405.62,32.05
2024-01-17,2408.53,32.65
2024-01-18,2432.15,33.11
2024-01-19,2447.73,33.65
2024-01-20,2446.27,33.01
2024-01-21,2455.58,33.08
2024-01-22,2440.36,33.62
2024-01-23,2450.63,32.96
2024-01-24,2449.66,33.43
2024-01-25,2453.09,33.25
2024-01-26,2442.8,33.39
2024-01-27,2458.45,33.25
2024-01-28,2453.54,33.51
2024-01-29,2450.6,33.52
2024-01-30,2438.85,34.13
2024-01-31,2449.11,33.75
2024-02-01,2450.1,33.57
2024-02-02,2442.27,33.62
2024-02-03,2432.02,33.92
2024-02-04,2409.17,33.34
2024-02-05,2396.18,33.52
2024-02-06,2389.97,33.41
2024-02-07,2377.09,33.8
2024-02-08,2367.6,33.62
2024-02-09,2369.05,33.6
2024-02-10,2357.23,34.25
2024-02-11,2371.4,34.94
2024-02-12,2351.51,34.79
2024-02-13,2364.24,35
2024-02-14,2353.39,35
2024-02-15,2356.71,34.45
2024-02-16,2378.89,34.73
2024-02-17,2380.35,34.15
2024-02-18,2388.94,33.62
2024-02-19,2407.6,33.38
2024-02-20,2397.02,33.4
2024-02-21,2374.99,33.96
2024-02-22,2381.19,33.52
2024-02-23,2383.59,33.69
2024-02-24,2382.66,34.37
2024-02-25,2361.24,34.55
2024-02-26,2354.19,34.6
2024-02-27,2349.51,34.15
2024-02-28,2361.29,33.82
2024-02-29,2352.81,33.66
2024-03-01,2341.55,33.07
2024-03-02,2338.77,33.04
2024-03-03,2346.29,33.63
2024-03-04,2327.55,33.47
2024-03-05,2309.43,33.32
2024-03-06,2304.38,33.39
2024-03-07,2326.08,33.49
2024-03-08,2307.98,32.99
2024-03-09,2325.09,32.35
2024-03-10,2347.45,32.75
2024-03-11,2358.28,33.21
2024-03-12,2338.02,33.15
2024-03-13,2326.83,33.23
2024-03-14,2344.55,33.47
2024-03-15,2352.09,33.58
2024-03-16,2329.54,33.35
2024-03-17,2310.47,32.96
2024-03-18,2327.6,32.98
2024-03-19,2311.34,32.36
2024-03-20,2317.39,32.85
2024-03-21,2312.33,33.25
2024-03-22,2303.58,33.02
2024-03-23,2311.45,32.73
2024-03-24,2329.06,32.68
2024-03-25,2320.71,32.7
2024-03-26,2330.03,32.6
2024-03-27,2309.09,33.15
2024-03-28,2298.97,32.63
2024-03-29,2307.28,32.74
2024-03-30,2299.48,33.15
2024-03-31,2290.78,33.48
2024-04-01,2295.86,33.79
2024-04-02,2311.97,33.51
2024-04-03,2290.74,32.9
2024-04-04,2304.53,33.12
2024-04-05,2285.67,33.23
2024-04-06,2277.94,32.67
2024-04-07,2295.3,32.28
2024-04-08,2312.32,32.91
2024-04-09,2290.16,32.27
2024-04-10,2300.28,32.13
2024-04-11,2314.58,32.38
2024-04-12,2315.55,32.22
2024-04-13,2326.23,32.16
2024-04-14,2321.15,31.54
2024-04-15,2310.97,31.24
2024-04-16,2334.12,30.86
2024-04-17,2339.29,30.4
2024-04-18,2328.56,29.87
2024-04-19,2338.84,30.44
2024-04-20,2349.63,30.92
2024-04-21,2338.38,31.18
2024-04-22,2339.82,31.12
2024-04-23,2322.07,30.63
2024-04-24,2318.39,30.81
2024-04-25,2299.88,31.15
2024-04-26,2279.68,31.32
2024-04-27,2266.5,30.77
2024-04-28,2275.61,30.64
2024-04-29,2276.11,30.22
2024-04-30,2275.7,30.79
2024-05-01,2276.2,30.99
2024-05-02,2288.54,31.56
2024-05-03,2271.19,31.5
2024-05-04,2257.15,31.15
2024-05-05,2239.14,31.19
2024-05-06,2240.09,31.15
2024-05-07,2256.72,31.21
2024-05-08,2250.9,31.62
2024-05-09,2263.11,31.16
2024-05-10,2279.45,31.46
2024-05-11,2260.8,31.04
2024-05-12,2251.35,30.95
2024-05-13,2237.0,31.35
2024-05-14,2230.34,30.75
2024-05-15,2235.3,30.28
2024-05-16,2230.88,30.57
2024-05-17,2246.55,30.83
2024-05-18,2253.34,30.69
2024-05-19,2251.59,31.27
2024-05-20,2267.85,30.77
2024-05-21,2283.77,31.39
2024-05-22,2300.71,31.22
2024-05-23,2294.31,31.33
2024-05-24,2279.21,31.32
2024-05-25,2283.81,31.78
2024-05-26,2275.18,32.16
2024-05-27,2286.6,31.7
2024-05-28,2265.6,31.53
2024-05-29,2280.6,32.09
2024-05-30,2280.19,31.89
2024-05-31,2259.71,32.25
2024-06-01,2246.2,31.97
2024-06-02,2255.24,31.53
2024-06-03,2253.03,31.22
2024-06-04,2265.25,30.95
2024-06-05,2257.14,30.6
2024-06-06,2263.96,30.01
2024-06-07,2242.73,30.27
2024-06-08,2249.51,29.93
2024-06-09,2263.05,29.66
2024-06-10,2256.76,29.61
2024-06-11,2274.41,29.26
2024-06-12,2263.54,28.85
2024-06-13,2281.25,28.48
2024-06-14,2260.76,28.66
2024-06-15,2252.22,28.14
2024-06-16,2237.85,28.57
2024-06-17,2245.96,28.39
2024-06-18,2259.49,28.42
2024-06-19,2259.99,28.12
2024-06-20,2255.06,28.26
2024-06-21,2254.21,28.76
2024-06-22,2245.24,28.79
2024-06-23,2233.62,29.29
2024-06-24,2240.82,29.82
2024-06-25,2235.04,29.81
2024-06-26,2214.09,29.39
2024-06-27,2213.26,29.06
2024-06-28,2228.37,28.6
2024-06-29,2250.7,29.07
2024-06-30,2256.16,28.56
2024-07-01,2270.19,28.47
2024-07-02,2284.31,28.63
2024-07-03,2278.42,28.58
2024-07-04,2293.5,29.12
2024-07-05,2311.89,29.37
2024-07-06,2296.67,29.52
2024-07-07,2274.66,29.56
2024-07-08,2285.62,29.86
2024-07-09,2281.1,29.91
2024-07-10,2273.38,29.37
2024-07-11,2275.25,29.76
2024-07-12,2278.93,29.57
2024-07-13,2257.1,29.56
2024-07-14,2252.63,29.29
2024-07-15,2259.44,29.77
2024-07-16,2263.1,29.3
2024-07-17,2266.77,29.49
2024-07-18,2256.39,28.94
2024-07-19,2237.94,29.44
2024-07-20,2254.55,29.23
2024-07-21,2250.09,29.23
2024-07-22,2257.79,29.43
2024-07-23,2267.32,29.51
2024-07-24,2259.66,29.81
2024-07-25,2255.64,30.23
2024-07-26,2266.07,29.68
2024-07-27,2264.3,30.28
2024-07-28,2286.54,29.77
2024-07-29,2280.64,29.61
2024-07-30,2302.12,29.28
2024-07-31,2304.92,28.72
2024-08-01,2283.75,28.23
2024-08-02,2305.26,28.04
2024-08-03,2297.93,28.02
2024-08-04,2317.73,28.06
2024-08-05,2307.1,27.84
2024-08-06,2300.68,28.07
2024-08-07,2318.67,28.18
2024-08-08,2312.21,28.58
2024-08-09,2295.14,28.12
2024-08-10,2283.24,28.37
2024-08-11,2282.83,28.21
2024-08-12,2290.64,27.79
2024-08-13,2286.55,28.19
2024-08-14,2277.91,28.43
2024-08-15,2262.46,28.38
2024-08-16,2252.1,28.73
2024-08-17,2241.79,29.06
2024-08-18,2225.26,29.38
2024-08-19,2240.89,29.22
2024-08-20,2233.32,29.51
2024-08-21,2221.76,29.04
2024-08-22,2207.15,29.36
2024-08-23,2197.5,29.03
2024-08-24,2180.42,28.61
2024-08-25,2173.07,28.57
2024-08-26,2187.04,28.86
2024-08-27,2201.98,28.43
2024-08-28,2208.64,28.07
2024-08-29,2187.5,28.36
2024-08-30,2201.56,28.35
2024-08-31,2185.77,28.21
2024-09-01,2191.95,28.11
2024-09-02,2190.7,27.95
2024-09-03,2179.37,27.54
2024-09-04,2199.48,27.72
2024-09-05,2196.9,27.43
2024-09-06,2216.74,27.29
2024-09-07,2221.23,26.9
2024-09-08,2231.94,26.43
2024-09-09,2238.25,26.48
2024-09-10,2242.33,26.94
2024-09-11,2249.11,27.24
2024-09-12,2255.9,26.94
2024-09-13,2274.9,27.03
2024-09-14,2277.68,26.9
2024-09-15,2261.78,27.28
2024-09-16,2283.99,27.04
2024-09-17,2299.11,26.76
2024-09-18,2320.3,27.12
2024-09-19,2306.88,27.62
2024-09-20,2289.85,28.03
2024-09-21,2303.17,27.61
2024-09-22,2285.25,27.58
2024-09-23,2282.09,28.05
2024-09-24,2287.15,27.63
2024-09-25,2295.43,27.11
2024-09-26,2304.65,26.62
2024-09-27,2285.33,26.7
2024-09-28,2298.17,27.06
2024-09-29,2286.26,26.76
2024-09-30,2284.02,26.77
2024-10-01,2273.1,26.32
2024-10-02,2292.69,26.05
2024-10-03,2303.74,25.96
2024-10-04,2305.62,25.46
2024-10-05,2302.89,25.64
2024-10-06,2301.55,25.34
2024-10-07,2312.64,25.8
2024-10-08,2290.01,26.27
2024-10-09,2282.73,26.0
2024-10-10,2275.46,26.12
2024-10-11,2295.99,25.9
2024-10-12,2313.02,25.79
2024-10-13,2321.38,25.94
2024-10-14,2344.63,25.72
2024-10-15,2331.54,25.51
2024-10-16,2352.09,25.5
2024-10-17,2338.94,25.12
2024-10-18,2319.8,25.52
2024-10-19,2337.0,25.25
2024-10-20,2344.04,25.22
2024-10-21,2338.92,25.23
2024-10-22,2341.29,25.1
2024-10-23,2354.43,25.48
2024-10-24,2363.88,25.93
2024-10-25,2373.83,25.76
2024-10-26,2389.05,25.83
2024-10-27,2366.14,26.29
2024-10-28,2381.31,26.11
2024-10-29,2398.48,26.35
2024-10-30,2389.38,26.33
2024-10-31,2367.42,25.94
2024-11-01,2348.98,26.07
2024-11-02,2370.63,25.64
2024-11-03,2386.77,26.06
2024-11-04,2408.75,26.32
2024-11-05,2406.84,26.15
2024-11-06,2395.31,26.05
2024-11-07,2394.85,26.33
2024-11-08,2373.8,26.24
2024-11-09,2387.12,26.17
2024-11-10,2393.35,26.52
2024-11-11,2403.42,26.63
2024-11-12,2389.98,26.31
2024-11-13,2372.32,26.31
2024-11-14,2387.05,26.46
2024-11-15,2405.21,26.71
2024-11-16,2393.21,26.86
2024-11-17,2405.19,27.41
2024-11-18,2416.28,27.82
2024-11-19,2432.24,27.8
2024-11-20,2442.96,27.65
2024-11-21,2465.93,27.59
2024-11-22,2465.44,27.21
2024-11-23,2451.15,26.72
2024-11-24,2467.83,27.24
2024-11-25,2491.03,27.37
2024-11-26,2501.5,27.84
2024-11-27,2490.99,27.6
2024-11-28,2502.95,27.83
2024-11-29,2519.47,28.08
2024-11-30,2525.51,27.76
2024-12-01,2532.07,27.42
2024-12-02,2535.1,27.07
2024-12-03,2540.67,27.21
2024-12-04,2565.06,27.29
2024-12-05,2586.08,27.49
2024-12-06,2592.78,27.06
2024-12-07,2587.58,26.58
2024-12-08,2578.25,26.3
2024-12-09,2577.2,25.92
2024-12-10,2557.6,25.44
2024-12-11,2550.94,24.96
2024-12-12,2544.8,25.12
2024-12-13,2570.24,25.07
2024-12-14,2562.0,25.51
2024-12-15,2556.87,25.12
2024-12-16,2571.18,24.78
2024-12-17,2589.16,24.38
2024-12-18,2580.86,24.08
2024-12-19,2565.36,23.92
2024-12-20,2540.71,23.64
2024-12-21,2552.9,23.43
2024-12-22,2534.0,23.84
2024-12-23,2513.72,24.19
2024-12-24,2535.34,23.79
2024-12-25,2521.64,24.27
2024-12-26,2523.15,24.29
2024-12-27,2523.14,24.69
2024-12-28,2528.18,24.27
2024-12-29,2523.63,23.83
2024-12-30,2526.65,24.1
2024-12-31,2530.18,24.08
2025-01-01,2521.57,24.13
2025-01-02,2515.01,24.13
2025-01-03,2505.45,24.43
2025-01-04,2481.4,24.32
2025-01-05,2493.81,24.12
2025-01-06,2504.29,24.42
2025-01-07,2513.8,24.9
2025-01-08,2522.35,24.83
2025-01-09,2533.44,25.26
2025-01-10,2540.02,25.13
2025-01-11,2524.26,24.95
2025-01-12,2510.12,24.66
2025-01-13,2498.07,24.4
2025-01-14,2479.09,24.49
2025-01-15,2459.76,24.73
2025-01-16,2452.38,25.12
2025-01-17,2432.77,24.77
2025-01-18,2434.25,24.69
2025-01-19,2419.17,24.96
2025-01-20,2434.67,25.18
2025-01-21,2418.12,24.99
2025-01-22,2395.89,25.41
2025-01-23,2404.54,25.34
2025-01-24,2381.96,25.46
2025-01-25,2377.22,25.57
2025-01-26,2387.23,25.75
2025-01-27,2381.04,25.54
2025-01-28,2375.83,25.79
2025-01-29,2373.48,25.78
2025-01-30,2387.27,25.43
2025-01-31,2383.47,25.09
2025-02-01,2384.92,25.18
2025-02-02,2372.54,25.69
2025-02-03,2363.55,25.5
2025-02-04,2360.75,25.25
2025-02-05,2373.05,25.04
2025-02-06,2393.96,24.64
2025-02-07,2372.43,24.36
2025-02-08,2373.88,24.69
2025-02-09,2361.09,24.3
2025-02-10,2366.78,24.48
2025-02-11,2367.28,24.35
2025-02-12,2373.46,24.79
2025-02-13,2369.22,24.82
2025-02-14,2349.34,24.73
2025-02-15,2350.78,25.19
2025-02-16,2331.54,25.2
2025-02-17,2348.36,25.52
2025-02-18,2368.58,25.7
2025-02-19,2382.35,25.64
2025-02-20,2396.66,25.59
2025-02-21,2387.58,25.88
2025-02-22,2369.93,26.26
2025-02-23,2385.6,25.78
2025-02-24,2377.51,25.63
2025-02-25,2386.57,25.62
2025-02-26,2405.21,25.44
2025-02-27,2423.99,25.03
2025-02-28,2429.82,24.89
2025-03-01,2423.03,25.08
2025-03-02,2442.43,24.62
2025-03-03,2427.3,25.12
2025-03-04,2423.92,25.53
2025-03-05,2407.45,25.27
2025-03-06,2384.84,25.14
2025-03-07,2361.49,25.45
2025-03-08,2365.77,25.37
2025-03-09,2379.99,25.27
2025-03-10,2367.64,25.25
2025-03-11,2353.46,24.96
2025-03-12,2343.13,25.33
2025-03-13,2341.76,25.64
2025-03-14,2352.56,25.48
2025-03-15,2349.77,25.61
2025-03-16,2350.27,25.55
2025-03-17,2329.14,25.2
2025-03-18,2310.08,25.34
2025-03-19,2310.12,25.13
2025-03-20,2326.33,24.66
2025-03-21,2306.35,24.31
2025-03-22,2289.33,24.5
2025-03-23,2295.78,24.11
2025-03-24,2291.69,23.84
2025-03-25,2276.6,24.01
2025-03-26,2276.19,23.58
2025-03-27,2290.8,23.75
2025-03-28,2304.13,23.91
2025-03-29,2304.17,24.04
2025-03-30,2321.72,24.01
2025-03-31,2325.01,24.05
2025-04-01,2319.93,23.65
2025-04-02,2316.25,23.97
2025-04-03,2338.99,24.41
2025-04-04,2328.26,24.5
2025-04-05,2345.06,24.46
2025-04-06,2335.24,24.29
2025-04-07,2342.75,24.18
2025-04-08,2328.25,24.06
2025-04-09,2326.43,23.84
2025-04-10,2325.53,24.26
2025-04-11,2339.05,23.92
2025-04-12,2333.0,24.34
2025-04-13,2312.04,24.74
2025-04-14,2331.04,24.96
2025-04-15,2308.69,24.51
2025-04-16,2326.28,24.22
2025-04-17,2307.7,23.9
2025-04-18,2305.43,24.09
2025-04-19,2328.06,24.25
2025-04-20,2308.08,24.42
2025-04-21,2286.42,24.16
2025-04-22,2293.78,24.56
2025-04-23,2289.69,24.36
2025-04-24,2293.4,24.37
2025-04-25,2306.28,24.2
2025-04-26,2284.18,24.48
2025-04-27,2282.85,24.88
2025-04-28,2305.72,25.03
2025-04-29,2292.39,24.73
2025-04-30,2309.85,25.19
2025-05-01,2300.19,25.04
2025-05-02,2314.03,24.79
2025-05-03,2308.05,24.31
2025-05-04,2327.48,24.12
2025-05-05,2308.89,24.44
2025-05-06,2324.63,24.63
2025-05-07,2333.5,24.44
2025-05-08,2311.13,24.56
2025-05-09,2294.07,24.41
2025-05-10,2297.78,24.72
2025-05-11,2292.3,25.19
2025-05-12,2284.09,24.89
2025-05-13,2269.52,25.35
2025-05-14,2283.18,25.43
2025-05-15,2290.99,25.81
2025-05-16,2295.15,26.19
2025-05-17,2297.49,26.16
2025-05-18,2306.72,25.85
2025-05-19,2322.44,26.14
2025-05-20,2323.41,26.27
2025-05-21,2311.36,26.61
2025-05-22,2316.02,26.91
2025-05-23,2310.96,26.64
2025-05-24,2295.29,26.47
2025-05-25,2313.69,25.96
2025-05-26,2295.22,26.1
2025-05-27,2312.24,25.88
2025-05-28,2315.06,26.32
2025-05-29,2301.2,26.49
2025-05-30,2288.82,27.01
2025-05-31,2273.29,27.39
2025-06-01,2256.97,27.81
2025-06-02,2263.34,27.57
2025-06-03,2276.52,27.79
2025-06-04,2281.11,27.84
2025-06-05,2303.06,28.1
2025-06-06,2284.67,28.36
2025-06-07,2289.28,27.85
2025-06-08,2296.65,27.54
2025-06-09,2287.5,27.55
2025-06-10,2266.04,27.53
2025-06-11,2267.9,28.03
2025-06-12,2268.86,28.48
2025-06-13,2248.94,27.95
2025-06-14,2260.23,27.63
2025-06-15,2269.32,28.08
2025-06-16,2256.66,28.6
2025-06-17,2257.16,29.11
2025-06-18,2265.33,29.46
2025-06-19,2278.07,29.82
2025-06-20,2284.03,29.94
2025-06-21,2297.33,29.79
2025-06-22,2311.15,29.32
2025-06-23,2307.03,29.92
2025-06-24,2292.3,30.04
2025-06-25,2288.67,29.52
2025-06-26,2301.08,29.91
2025-06-27,2280.87,29.47
2025-06-28,2297.79,29.06
2025-06-29,2313.45,29.39
2025-06-30,2291.28,29.86
2025-07-01,2289.95,29.52
2025-07-02,2287.24,29.54
2025-07-03,2277.68,29.54
2025-07-04,2265.88,29.24
2025-07-05,2269.55,29.19
2025-07-06,2266.42,29.07
2025-07-07,2270.09,28.73
2025-07-08,2282.4,28.62
2025-07-09,2285.64,28.23
2025-07-10,2263.74,28.5
2025-07-11,2258.35,28.48
2025-07-12,2268.79,28.49
2025-07-13,2253.41,27.94
2025-07-14,2242.64,27.53
2025-07-15,2253.46,27.27
2025-07-16,2254.86,26.78
2025-07-17,2260.77,26.93
2025-07-18,2244.99,26.84
2025-07-19,2259.41,26.33
2025-07-20,2281.15,26.62
2025-07-21,2291.23,26.42
2025-07-22,2288.98,26.34
2025-07-23,2286.28,25.85
2025-07-24,2299.12,25.91
2025-07-25,2317.56,25.84
2025-07-26,2325.47,26.2
2025-07-27,2338.53,25.73
2025-07-28,2338.09,25.42
2025-07-29,2340.0,25.26
2025-07-30,2345.64,24.89
2025-07-31,2324.1,25.35
2025-08-01,2345.05,25.02
2025-08-02,2367.12,25.08
2025-08-03,2371.41,24.89
2025-08-04,2348.67,25.29
2025-08-05,2338.37,25.36
2025-08-06,2339.8,25.12
2025-08-07,2333.28,24.65
2025-08-08,2343.11,24.44
2025-08-09,2361.89,24.03
2025-08-10,2377.51,24.44
2025-08-11,2381.81,24.7
2025-08-12,2396.6,25.11
2025-08-13,2376.97,25.34
2025-08-14,2363.68,25.67
2025-08-15,2384.51,25.97
2025-08-16,2383.58,25.78
2025-08-17,2380.27,25.38
2025-08-18,2386.0,25.64
2025-08-19,2388.89,25.56
2025-08-20,2411.85,25.19
2025-08-21,2420.55,25.52
2025-08-22,2398.29,25.59
2025-08-23,2419.9,25.12
2025-08-24,2444.11,24.83
2025-08-25,2423.1,24.64
2025-08-26,2443.96,24.91
2025-08-27,2436.15,25.31
2025-08-28,2446.88,25.78
2025-08-29,2458.64,25.35
2025-08-30,2476.84,25.15
2025-08-31,2483.28,25.58
2025-09-01,2471.37,25.19
2025-09-02,2487.19,25.37
2025-09-03,2506.59,25.02
2025-09-04,2514.61,25.38
2025-09-05,2515.11,24.97
2025-09-06,2537.74,24.73
2025-09-07,2561.59,24.61
2025-09-08,2541.6,24.44
2025-09-09,2542.1,24.65
2025-09-10,2536.5,24.44
2025-09-11,2535.48,24.18
2025-09-12,2539.53,23.86
2025-09-13,2561.87,24.14
2025-09-14,2578.76,24.53
2025-09-15,2580.29,24.88
2025-09-16,2586.99,25.17
2025-09-17,2567.82,25.2
2025-09-18,2565.76,25.18
2025-09-19,2555.48,25.45
2025-09-20,2555.98,25.32
2025-09-21,2573.35,25.62
2025-09-22,2548.12,25.76
2025-09-23,2564.92,25.69
2025-09-24,2566.96,25.66
2025-09-25,2573.62,25.81
2025-09-26,2562.8,25.94
2025-09-27,2583.29,25.74
2025-09-28,2568.29,26.19
2025-09-29,2560.06,26.72
2025-09-30,2570.29,27.04
2025-10-01,2546.63,26.99
2025-10-02,2524.21,26.54
2025-10-03,2509.56,26.72
2025-10-04,2522.61,27.24
2025-10-05,2530.17,27.36
2025-10-06,2517.52,27.92
2025-10-07,2496.87,27.68
2025-10-08,2516.84,27.51
2025-10-09,2506.77,26.99
2025-10-10,2506.27,26.61
2025-10-11,2491.23,26.75
2025-10-12,2509.67,26.8
2025-10-13,2507.16,26.74
2025-10-14,2513.67,26.35
2025-10-15,2503.11,26.57
2025-10-16,2489.6,26.73
2025-10-17,2472.67,26.62
2025-10-18,2490.97,27.07
2025-10-19,2512.89,27.08
2025-10-20,2520.43,27.31
2025-10-21,2539.08,27.47
2025-10-22,2523.33,27.98
2025-10-23,2542.5,28.28
2025-10-24,2564.87,27.73
2025-10-25,2556.13,27.81
2025-10-26,2570.95,27.83
2025-10-27,2580.7,27.89
2025-10-28,2593.07,27.93
2025-10-29,2608.09,28.32
2025-10-30,2595.55,27.84
2025-10-31,2611.63,28.04
2025-11-01,2598.02,27.95
2025-11-02,2598.52,28.24
2025-11-03,2600.58,27.83
2025-11-04,2594.84,28.26
2025-11-05,2617.66,28.55
2025-11-06,2641.19,28.69
2025-11-07,2622.68,29.27
2025-11-08,2616.88,28.72
2025-11-09,2599.06,28.75
2025-11-10,2588.65,28.39
2025-11-11,2587.08,28.2
2025-11-12,2609.31,28.09
2025-11-13,2626.51,28.19
2025-11-14,2609.15,28.13
2025-11-15,2621.65,28.35
2025-11-16,2608.52,28.28
2025-11-17,2631.45,28.56
2025-11-18,2650.37,28.87
2025-11-19,2654.05,28.57
2025-11-20,2656.14,28.64
2025-11-21,2675.24,29.21
2025-11-22,2691.79,28.77
2025-11-23,2688.52,28.75
2025-11-24,2708.38,28.77
2025-11-25,2724.59,28.25
2025-11-26,2709.83,27.75
2025-11-27,2702.2,27.29
2025-11-28,2691.35,27.57
2025-11-29,2712.84,27.23
2025-11-30,2703.58,26.81
2025-12-01,2691.1,27.17
2025-12-02,2698.06,27.64
2025-12-03,2722.84,27.28
2025-12-04,2700.47,27.2
2025-12-05,2684.22,27.11
2025-12-06,2664.32,27.45
2025-12-07,2689.34,27.56
2025-12-08,2701.13,27.29
2025-12-09,2682.18,27.34
2025-12-10,2689.66,27.63
2025-12-11,2696.61,28.13
2025-12-12,2694.95,28.36
2025-12-13,2690.06,28.32
2025-12-14,2683.57,28.35
2025-12-15,2669.04,28.42
2025-12-16,2678.08,28.84
2025-12-17,2663.05,29.41
2025-12-18,2644.91,29.63
2025-12-19,2667.1,30.17
2025-12-20,2651.06,30.23
2025-12-21,2674.36,30.38
2025-12-22,2691.98,29.99
2025-12-23,2709.17,30.33
2025-12-24,2705.33,29.74
2025-12-25,2715.57,30.1
2025-12-26,2735.08,29.91
2025-12-27,2756.91,30.49
2025-12-28,2782.23,30.99
2025-12-29,2769.37,30.9
2025-12-30,2762.12,30.33
2025-12-31,2749.36,30.88
2026-01-01,2739.41,31.1
2026-01-02,2760.73,30.82
2026-01-03,2758.47,31.07
2026-01-04,2736.35,31.25
2026-01-05,2763.67,31.81
2026-01-06,2740.95,31.79
2026-01-07,2734.87,31.86
2026-01-08,2745.77,31.86
2026-01-09,2753.95,31.64
2026-01-10,2777.59,31.73
2026-01-11,2756.42,31.89
2026-01-12,2778.42,32.46
2026-01-13,2773.37,32.29
2026-01-14,2772.2,32.28
2026-01-15,2748.31,32.89
2026-01-16,2724.62,33.2
2026-01-17,2707.14,32.93
2026-01-18,2680.57,33.57
2026-01-19,2680.53,32.95
2026-01-20,2674.06,33.12
2026-01-21,2663.33,33.63
2026-01-22,2644.12,33.18
2026-01-23,2619.24,32.65
2026-01-24,2629.17,32.95
2026-01-25,2622.31,32.41
2026-01-26,2627.53,32.35
2026-01-27,2614.89,33.0
2026-01-28,2618.0,33.56
2026-01-29,2614.32,34.04
2026-01-30,2603.83,33.9
2026-01-31,2624.12,34.16
2026-02-01,2620.95,33.57
